X,Y,RA,DEC,MAG1_ACS,MAG1_JC,MAG1_ERR,CHI1,SNR1,SHARP1,ROUND1,CROWD1,FLAG1,MAG2_ACS,MAG2_JC,MAG2_ERR,CHI2,SNR2,SHARP2,ROUND2,CROWD2,FLAG2
2714.74,199.7,114.5742035,65.7299823,22.853,23.164,0.01,1.2,113.4,0.016,0.051,0.0,0,21.873,21.864,0.009,1.13,118.0,-0.004,0.028,0.0,0
1840.26,2500.12,114.4912325,65.7323132,24.211,24.857,0.019,1.03,56.0,0.007,0.08,0.0,0,21.513,21.5,0.007,1.01,148.6,0.01,0.015,0.0,0
2616.78,3783.69,114.4574049,65.7167971,23.97,24.55,0.02,0.98,53.9,0.027,0.068,0.0,2,21.813,21.801,0.008,0.94,127.9,0.013,0.037,0.008,0
1910.86,3638.51,114.4551341,65.7267634,23.825,24.381,0.015,1.16,70.6,0.027,0.036,0.006,0,21.822,21.811,0.009,0.94,127.5,0.021,0.026,0.001,0
525.03,2500.74,114.478252,65.7497851,25.601,26.295,0.048,1.25,22.8,0.047,0.119,0.0,0,21.859,21.844,0.009,1.21,123.8,-0.01,-0.024,0.001,0
1909.86,2786.02,114.4826761,65.7302311,23.783,24.182,0.015,0.9,71.7,-0.016,0.031,0.001,0,22.502,22.492,0.012,1.04,87.8,0.028,0.037,0.002,0
3535.02,3099.32,114.4885536,65.7073703,23.64,23.931,0.014,1.2,78.0,0.025,0.042,0.0,0,22.719,22.71,0.014,0.99,78.4,0.023,0.037,0.0,0
2015.24,2060.02,114.5071827,65.7317687,24.859,25.484,0.029,1.02,37.0,0.017,0.041,0.006,0,22.36,22.348,0.012,1.13,94.1,0.004,-0.008,0.004,0
2873.77,2795.79,114.4918514,65.7173846,24.894,25.52,0.029,1.01,37.7,-0.002,0.048,0.0,0,22.389,22.377,0.012,0.99,94.0,0.026,-0.018,0.0,0
3233.47,4190.38,114.4503503,65.7069556,24.216,24.661,0.019,1.06,57.3,0.026,0.012,0.0,0,22.751,22.741,0.014,1.14,77.9,0.008,0.052,0.0,0
1203.81,3761.77,114.4441729,65.7356559,25.488,26.148,0.043,1.01,25.5,-0.017,0.128,0.001,0,22.623,22.61,0.013,1.09,80.5,0.008,0.035,0.0,0
973.99,65.72,114.5614582,65.7536597,23.803,23.947,0.015,1.06,71.0,0.004,0.043,0.0,0,23.285,23.278,0.019,1.1,57.4,0.015,0.042,0.0,0
3267.03,4173.1,114.4512391,65.7065799,24.463,24.874,0.022,0.9,49.7,0.014,0.007,0.0,0,23.133,23.124,0.017,0.97,63.0,0.014,0.034,0.0,0
4033.26,3378.0,114.4844569,65.6996224,25.467,26.08,0.043,0.84,25.1,0.016,0.041,0.012,0,23.071,23.059,0.017,0.77,63.5,0.004,0.035,0.009,0
1754.44,3996.01,114.4420383,65.7273912,24.805,25.269,0.027,1.01,39.9,0.005,0.045,0.002,0,23.267,23.257,0.019,1.01,57.2,-0.001,0.029,0.009,0
2941.69,2882.31,114.4897245,65.716132,24.448,24.69,0.022,0.82,49.3,0.012,0.062,0.0,0,23.67,23.662,0.024,1.02,45.3,0.03,-0.009,0.0,0
1344.23,3693.35,114.4477707,65.7340682,24.601,24.927,0.024,1.04,45.1,0.038,0.029,0.0,0,23.571,23.563,0.023,1.05,48.2,0.046,-0.004,0.001,0
621.92,3759.45,114.4385012,65.7433948,25.386,25.936,0.069,1.04,15.7,-0.017,0.166,0.0,2,23.419,23.408,0.023,0.97,47.7,0.035,-0.017,0.0,0
1152.33,674.48,114.5435101,65.7488335,24.349,24.464,0.021,1.09,52.1,0.011,0.072,0.0,0,23.898,23.891,0.028,1.11,39.4,0.046,0.025,0.0,0
896.46,1160.14,114.5252804,65.7502727,24.627,24.961,0.025,1.15,43.5,0.008,0.058,0.0,0,23.572,23.563,0.023,1.01,47.6,0.019,0.062,0.0,0
2365.48,991.22,114.5451819,65.7314323,24.826,25.242,0.028,0.98,38.9,0.004,0.036,0.0,0,23.477,23.468,0.021,1.04,51.2,0.007,0.044,0.0,0
3426.01,836.32,114.5605963,65.7179621,24.604,24.91,0.025,1.17,42.8,0.014,0.023,0.011,0,23.638,23.629,0.024,0.91,46.2,0.019,0.096,0.0,0
4063.92,3784.29,114.4716423,65.6975695,24.822,25.196,0.028,1.09,39.4,0.018,0.053,0.0,0,23.63,23.621,0.023,1.02,46.6,0.024,0.069,0.0,0
1140.83,2384.87,114.4880694,65.7420727,24.862,25.261,0.03,1.21,36.6,-0.012,0.128,0.0,0,23.578,23.569,0.024,1.15,45.6,0.042,0.057,0.0,0
3312.19,2086.7,114.5190729,65.7144269,24.772,25.14,0.028,0.89,39.3,0.013,0.014,0.023,0,23.603,23.594,0.023,1.09,46.3,0.027,0.001,0.02,0
3648.47,4008.01,114.4603285,65.7021821,24.834,25.197,0.027,0.93,39.8,-0.003,0.024,0.0,0,23.682,23.673,0.024,1.0,46.0,-0.014,0.078,0.0,0
3860.37,1134.77,114.5552112,65.7109853,24.812,25.175,0.028,0.97,38.2,0.007,0.062,0.077,0,23.658,23.649,0.024,0.91,44.7,0.009,0.036,0.061,0
1999.41,109.1,114.5701187,65.7398555,24.881,25.251,0.028,1.01,38.6,-0.016,0.1,0.0,0,23.705,23.696,0.024,1.05,45.4,-0.003,0.013,0.001,0
2865.99,3111.43,114.4815772,65.7162102,24.891,25.253,0.029,1.09,37.7,0.033,0.104,0.002,0,23.743,23.734,0.025,0.92,43.3,0.028,0.125,0.004,0
949.25,1788.17,114.505482,65.7470325,24.892,25.247,0.03,1.09,36.2,0.012,0.09,0.0,0,23.767,23.758,0.026,1.13,41.7,0.006,0.07,0.0,0
3476.28,2257.3,114.5151738,65.7115569,24.958,25.314,0.03,0.99,35.6,0.004,0.019,0.015,0,23.828,23.82,0.027,1.16,40.7,0.025,0.078,0.01,0
3820.46,2125.3,114.5228192,65.7075167,24.968,25.324,0.031,1.07,34.7,0.005,0.123,0.021,0,23.84,23.831,0.027,1.03,40.1,-0.013,0.045,0.001,0
2227.83,1563.56,114.525324,65.7309504,25.048,25.365,0.032,1.05,33.4,0.005,0.027,0.001,0,24.045,24.036,0.03,1.08,35.7,0.006,0.212,0.002,0
490.51,3929.21,114.4317139,65.7444513,25.113,25.419,0.033,0.98,32.7,0.037,0.04,0.0,0,24.145,24.137,0.032,1.0,34.1,0.004,0.061,0.0,0
2252.93,2813.58,114.4851645,65.7255614,25.187,25.544,0.038,1.11,28.6,0.028,0.027,0.0,0,24.056,24.047,0.034,0.88,32.1,0.005,0.015,0.0,0
2064.34,1420.77,114.5283339,65.7336999,25.186,25.534,0.036,1.07,30.2,0.058,0.238,0.005,0,24.083,24.074,0.031,0.97,34.6,0.037,0.064,0.001,0
2490.24,1411.2,114.5328285,65.7280787,25.118,25.398,0.036,1.06,30.4,-0.021,0.105,0.002,0,24.23,24.222,0.034,1.05,31.5,-0.01,0.047,0.007,0
1532.78,1019.47,114.5360879,65.7423846,25.243,25.564,0.038,1.19,28.7,-0.001,0.091,0.0,2,24.229,24.22,0.036,1.03,29.9,0.018,-0.006,0.0,2
3846.29,4217.66,114.4555095,65.6987042,25.52,25.938,0.042,0.9,25.7,-0.026,-0.072,0.0,0,24.164,24.154,0.032,1.02,34.3,-0.006,0.126,0.0,0
2147.59,1506.4,114.5263834,65.7322477,25.287,25.625,0.038,1.03,28.6,0.037,-0.003,0.015,0,24.217,24.208,0.034,1.08,31.5,0.033,0.168,0.025,0
2446.56,1776.37,114.5205943,65.7271839,25.289,25.626,0.041,1.07,26.3,0.016,-0.019,0.001,0,24.223,24.214,0.039,1.12,27.5,-0.024,0.05,0.004,2
741.06,3300.65,114.4545128,65.7436734,25.341,25.657,0.039,1.08,27.7,-0.004,0.164,0.037,0,24.343,24.334,0.037,1.1,29.6,0.008,0.028,0.0,0
3418.68,1008.04,114.5549745,65.7173669,25.286,25.596,0.037,1.18,29.2,-0.021,0.328,0.06,0,24.307,24.299,0.036,1.07,30.4,0.01,0.233,0.049,0
3544.9,2105.02,114.5207675,65.7112605,25.289,25.611,0.039,0.96,28.2,0.001,0.043,0.025,0,24.272,24.264,0.036,1.0,30.2,0.023,0.143,0.019,0
952.34,563.49,114.5451362,65.7519393,25.366,25.695,0.039,0.99,27.8,0.034,0.147,0.0,0,24.327,24.319,0.036,1.03,30.3,0.015,0.055,0.0,0
2264.12,3388.2,114.4667058,65.7230852,25.429,25.778,0.04,0.89,27.1,-0.022,0.145,0.001,0,24.323,24.314,0.036,0.95,30.3,0.048,0.14,0.0,0
2235.95,2785.23,114.4859135,65.7259018,27.141,27.81,0.147,1.05,7.4,0.041,0.057,0.0,0,24.153,24.14,0.033,1.07,33.3,0.031,0.111,0.0,0
1422.54,3598.7,114.4516029,65.7334118,25.442,25.76,0.04,0.95,26.8,-0.013,0.066,0.0,0,24.437,24.429,0.038,1.08,28.4,0.021,0.164,0.001,0
470.18,939.07,114.5282407,65.7568305,25.446,25.788,0.042,1.09,25.7,0.065,0.141,0.0,0,24.365,24.356,0.037,1.1,29.2,0.032,0.071,0.0,0
3726.28,3664.36,114.47219,65.7025411,25.385,25.655,0.04,0.99,27.4,0.007,0.163,0.001,0,24.529,24.521,0.042,1.02,25.8,0.038,0.086,0.018,0
3153.73,2995.24,114.4881632,65.7128576,25.49,25.829,0.042,0.99,25.7,0.024,0.077,0.0,0,24.418,24.409,0.038,0.98,28.4,0.038,0.157,0.0,0
4091.53,3787.84,114.4717995,65.6971883,25.542,25.893,0.043,1.02,25.1,0.015,0.076,0.0,0,24.427,24.418,0.038,0.95,28.4,0.005,0.077,0.0,0
2530.88,3278.7,114.4728726,65.7199849,25.512,25.824,0.043,0.94,25.5,-0.009,0.008,0.002,0,24.528,24.519,0.041,1.05,26.7,-0.021,0.171,0.001,0
1022.22,2519.88,114.4825344,65.743102,25.49,25.798,0.043,1.13,25.1,-0.007,0.15,0.008,0,24.516,24.508,0.042,0.9,25.8,0.033,0.212,0.005,0
1727.13,3144.5,114.4692882,65.7312067,25.516,25.815,0.045,1.11,24.3,0.046,0.039,0.0,0,24.571,24.563,0.044,1.03,24.5,0.027,0.067,0.001,0
2753.37,453.45,114.566377,65.7284461,25.49,25.763,0.042,0.88,26.0,-0.003,0.107,0.002,0,24.625,24.617,0.042,0.98,25.6,-0.031,0.068,0.005,0
125.57,1182.32,114.5169764,65.760427,25.578,25.911,0.046,1.08,23.7,-0.008,0.326,0.0,0,24.527,24.518,0.042,1.01,25.8,0.01,-0.036,0.001,0
3236.67,494.65,114.5697839,65.7218562,25.577,25.887,0.049,1.04,22.3,-0.008,0.04,0.002,0,24.597,24.588,0.043,1.04,25.1,0.025,0.127,0.001,0
4098.61,1991.74,114.5298645,65.70436,25.397,25.611,0.042,0.96,26.0,0.034,-0.153,0.004,0,24.696,24.688,0.048,0.99,22.8,0.02,0.241,0.005,0
4063.31,4077.22,114.4621806,65.6963905,25.653,25.974,0.047,1.02,23.0,0.048,0.097,0.005,0,24.641,24.633,0.043,1.06,25.0,0.03,0.109,0.0,0
1912.9,2691.5,114.4857614,65.7305734,25.632,25.964,0.048,1.01,22.9,-0.02,0.108,0.002,0,24.584,24.575,0.043,0.98,25.0,-0.001,0.042,0.001,0
1937.28,3718.85,114.4527986,65.7260867,25.631,25.931,0.046,1.06,23.5,0.024,0.153,0.0,0,24.683,24.675,0.045,1.03,24.0,0.007,0.019,0.0,0
3758.38,3413.94,114.4805916,65.7031289,25.626,25.926,0.046,0.92,23.4,0.035,-0.026,0.003,0,24.68,24.672,0.046,1.1,23.5,0.013,0.15,0.032,0
3617.76,2903.56,114.4956898,65.7070633,25.639,25.939,0.047,1.1,23.3,-0.049,0.128,0.01,0,24.693,24.684,0.047,1.01,23.3,0.054,0.124,0.023,0
971.9,931.66,114.5334151,65.750193,25.576,25.842,0.046,1.01,23.9,0.029,0.14,0.001,0,24.731,24.723,0.047,1.02,22.9,0.039,0.07,0.053,0
3339.03,2096.48,114.5190207,65.7140307,25.733,26.114,0.052,1.19,20.8,-0.023,0.216,0.0,0,24.513,24.504,0.05,1.22,21.6,-0.009,0.156,0.001,2
951.75,2553.62,114.4807487,65.7439016,25.625,25.914,0.048,0.99,22.5,0.014,0.237,0.0,0,24.711,24.702,0.049,1.04,22.0,-0.023,-0.056,0.0,0
680.96,4003.07,114.431208,65.7416217,25.529,25.67,0.043,0.98,25.0,0.001,-0.062,0.001,0,25.016,25.008,0.057,0.99,19.0,0.005,0.199,0.007,0
1057.52,2460.96,114.4847878,65.7428715,26.444,27.002,0.087,1.14,12.5,-0.035,0.437,0.001,0,24.429,24.418,0.04,1.15,27.1,0.005,0.214,0.0,0
1509.27,2794.63,114.4784507,65.7355184,25.692,25.998,0.049,1.06,22.0,-0.021,-0.021,0.0,0,24.725,24.716,0.047,1.03,22.9,-0.036,0.14,0.0,0
2332.93,1970.35,114.5132065,65.7279098,25.651,25.953,0.05,1.02,21.8,0.012,-0.073,0.0,0,24.697,24.688,0.048,1.06,22.8,0.0,0.146,0.001,0
4034.46,3885.94,114.4680709,65.697549,25.82,26.168,0.053,1.08,20.5,0.034,0.119,0.001,0,24.717,24.708,0.046,0.88,23.8,-0.026,0.043,0.001,0
907.63,3898.07,114.436842,65.7390371,25.819,26.144,0.053,1.05,20.5,0.017,0.054,0.0,0,24.793,24.784,0.048,1.06,22.5,-0.021,0.327,0.0,0
3768.99,4094.32,114.4587294,65.7002311,25.71,25.958,0.049,0.98,22.0,0.08,0.108,0.001,0,24.917,24.909,0.052,0.93,20.8,-0.03,0.145,0.001,0
3174.87,4114.88,114.4522105,65.7080403,25.748,26.013,0.049,0.84,22.0,0.034,0.076,0.0,0,24.902,24.894,0.051,0.97,21.4,-0.061,0.312,0.0,0
1254.86,1883.4,114.5054105,65.7425866,25.746,26.05,0.053,1.02,20.4,-0.012,0.04,0.0,0,24.786,24.777,0.051,1.11,21.3,-0.029,0.015,0.0,0
3123.36,394.26,114.5719185,65.7237669,25.713,25.921,0.049,1.08,22.2,0.026,0.029,0.001,0,25.029,25.021,0.057,0.96,19.2,0.011,0.31,0.001,0
3560.68,2732.17,114.500664,65.7085151,25.887,26.218,0.058,1.09,18.7,-0.022,0.381,0.016,0,24.838,24.829,0.054,0.95,20.2,-0.004,-0.182,0.004,0
2201.92,1578.83,114.5245756,65.7312331,25.813,26.093,0.054,1.11,20.0,0.027,0.077,0.003,0,24.924,24.916,0.055,0.95,19.8,0.013,0.227,0.008,0
3493.23,3004.43,114.491207,65.7083097,25.952,26.287,0.058,0.95,18.8,0.014,0.23,0.0,0,24.892,24.883,0.053,0.93,20.7,-0.003,0.102,0.0,0
1285.34,1031.84,114.5332555,65.745623,25.786,26.013,0.052,1.09,20.8,0.014,0.116,0.004,0,25.048,25.04,0.059,1.04,18.5,0.0,0.116,0.005,0
2186.08,2755.63,114.486379,65.7266842,25.86,26.128,0.057,0.89,19.1,-0.022,0.094,0.004,0,25.007,24.998,0.058,0.99,18.6,0.021,0.171,0.0,0
3481.66,2753.92,114.4991844,65.7094771,25.957,26.231,0.082,1.09,13.2,-0.002,0.309,0.011,0,25.086,25.078,0.061,1.07,17.9,-0.015,0.102,0.003,0
3681.64,102.41,114.5868229,65.7175218,26.523,27.026,0.087,1.13,12.5,0.069,0.991,0.001,0,24.797,24.786,0.048,1.03,22.5,0.019,0.022,0.0,0
3402.97,1791.9,114.5294898,65.7144116,26.738,27.298,0.106,1.05,10.2,-0.017,-0.055,0.001,0,24.708,24.697,0.047,1.12,22.9,0.023,0.191,0.004,0
1351.7,411.68,114.5539719,65.7472442,26.021,26.352,0.059,0.99,18.4,-0.014,0.243,0.0,0,24.975,24.966,0.054,1.07,20.2,-0.014,0.197,0.0,0
3918.34,4165.41,114.4579059,65.6979589,26.012,26.317,0.06,0.92,18.0,-0.023,0.092,0.001,0,25.05,25.042,0.058,1.1,18.6,-0.029,0.114,0.001,0
547.63,3139.39,114.4578184,65.7468969,25.862,26.073,0.058,1.06,18.8,0.04,0.113,0.012,0,25.169,25.162,0.066,0.96,16.4,0.016,0.111,0.016,0
3462.28,4104.6,114.4553753,65.7042639,26.039,26.337,0.063,0.96,17.3,0.049,0.36,0.0,0,25.098,25.089,0.061,0.94,17.8,-0.001,0.058,0.0,0
2201.59,698.59,114.5530357,65.7347912,25.827,25.862,0.053,1.01,20.6,-0.002,0.226,0.0,0,25.642,25.635,0.127,1.02,8.6,0.095,-0.868,0.005,0
1939.85,86.64,114.570261,65.7407377,25.948,26.195,0.057,1.06,19.2,-0.055,0.16,0.0,0,25.155,25.147,0.061,1.03,17.8,0.038,0.038,0.0,0
4022.44,2270.66,114.520108,65.7042453,25.949,26.225,0.061,0.88,17.9,0.019,0.262,0.0,0,25.071,25.062,0.062,1.02,17.4,0.062,0.1,0.001,0
3623.97,1617.18,114.537305,65.7121803,25.966,26.251,0.06,1.1,18.1,-0.036,0.015,0.003,0,25.067,25.058,0.061,1.01,17.9,0.057,0.152,0.0,0
4101.35,3715.97,114.4742161,65.697349,26.065,26.37,0.063,1.13,17.3,0.023,0.557,0.0,0,25.101,25.092,0.06,0.95,18.2,-0.058,-0.048,0.0,0
941.12,3443.17,114.4518793,65.7404378,25.949,26.169,0.059,0.93,18.4,0.018,0.263,0.0,0,25.23,25.223,0.069,1.13,15.8,0.078,0.022,0.0,0
3064.98,398.3,114.5712156,65.7245266,25.958,26.191,0.058,1.06,18.8,0.034,0.078,0.0,0,25.204,25.196,0.064,0.91,17.0,0.038,-0.033,0.0,0
1442.61,1882.85,114.5072763,65.7400941,26.667,27.188,0.112,0.94,9.7,0.046,0.516,0.0,0,24.857,24.846,0.054,1.16,20.0,0.026,-0.046,0.0,0
566.39,3120.06,114.4586287,65.7467261,26.344,26.763,0.077,1.02,14.1,0.019,0.313,0.001,0,24.986,24.977,0.058,1.11,18.9,0.028,0.254,0.001,0
2721.29,3098.79,114.4805607,65.7181839,26.031,26.288,0.062,1.02,17.5,0.049,0.066,0.0,0,25.212,25.204,0.067,1.0,16.3,0.026,0.327,0.0,0
996.9,3953.16,114.4359429,65.7376277,26.062,26.309,0.062,0.93,17.5,-0.023,0.045,0.0,0,25.271,25.263,0.068,1.12,15.9,0.109,0.057,0.0,0
2630.71,412.8,114.5664884,65.7302403,26.008,26.249,0.06,1.01,18.2,0.034,0.275,0.002,0,25.232,25.224,0.064,0.95,16.9,-0.015,0.04,0.015,0
496.32,80.73,114.5562807,65.7599479,26.018,26.235,0.06,1.02,18.1,-0.049,0.21,0.0,0,25.312,25.304,0.07,1.02,15.6,0.042,0.197,0.002,0
3978.09,3392.59,114.4834431,65.7002963,26.124,26.409,0.068,1.0,16.1,-0.03,0.224,0.036,0,25.222,25.214,0.069,0.99,15.8,0.069,0.51,0.037,0
3067.16,3627.84,114.4668776,65.7114456,26.148,26.425,0.066,0.9,16.5,-0.014,0.155,0.07,0,25.271,25.262,0.067,0.96,16.2,-0.031,0.119,0.078,0
3617.3,2570.95,114.5064281,65.7084149,26.044,26.292,0.063,1.0,17.2,0.041,0.535,0.011,0,25.252,25.244,0.068,0.94,15.9,-0.032,-0.017,0.007,0
3086.14,3649.92,114.4663515,65.711104,26.119,26.383,0.067,1.02,16.3,0.061,-0.07,0.001,0,25.279,25.271,0.068,0.98,16.1,0.003,0.247,0.004,0
1490.99,2527.75,114.4868991,65.7368419,26.095,26.361,0.069,1.11,15.8,0.017,0.208,0.064,0,25.248,25.239,0.07,0.93,15.6,-0.03,0.053,0.002,0
3036.68,4134.77,114.4502058,65.7097953,25.961,26.029,0.057,0.93,19.0,-0.012,0.384,0.019,0,25.618,25.611,0.085,0.87,12.8,-0.046,0.153,0.035,0
3415.6,3278.83,114.4815809,65.7082302,26.183,26.496,0.069,1.06,15.8,0.002,0.039,0.004,0,25.196,25.187,0.066,1.06,16.5,0.081,0.148,0.0,0
2193.62,891.4,114.5467221,65.7341192,26.154,26.455,0.067,0.96,16.1,0.02,0.579,0.019,0,25.2,25.191,0.064,1.03,17.0,-0.021,-0.151,0.001,0
3992.2,2829.35,114.5017683,65.7023883,26.233,26.574,0.072,0.96,15.1,-0.024,0.275,0.0,0,25.155,25.146,0.065,0.98,16.7,0.019,-0.135,0.003,0
4116.43,3032.06,114.4964442,65.6999175,26.173,26.448,0.071,1.03,15.4,0.082,-0.055,0.0,0,25.298,25.289,0.073,1.24,14.8,0.001,0.187,0.0,0
2700.64,3737.75,114.4597156,65.7158693,26.679,27.155,0.096,1.0,11.3,-0.009,0.162,0.0,0,25.082,25.072,0.058,0.99,18.6,0.017,0.157,0.0,0
1530.76,4066.28,114.4375592,65.7300772,26.32,26.627,0.077,0.94,14.0,-0.011,0.009,0.0,0,25.349,25.341,0.075,1.06,14.4,0.004,0.265,0.003,0
3875.93,218.9,114.5849604,65.7144701,26.152,26.356,0.066,0.99,16.5,-0.036,0.378,0.009,0,25.48,25.472,0.081,1.06,13.5,0.018,0.233,0.099,0
2574.72,3652.75,114.4612201,65.7178867,26.263,26.538,0.074,1.02,14.7,0.053,0.144,0.0,0,25.39,25.382,0.076,1.06,14.3,0.074,0.249,0.0,0
3356.09,728.94,114.5633813,65.7193244,26.284,26.591,0.074,1.08,14.6,-0.02,0.313,0.0,0,25.313,25.304,0.07,0.92,15.5,0.043,-0.035,0.0,0
306.42,3841.93,114.4327167,65.7472508,26.157,26.346,0.078,1.19,14.0,0.073,0.292,0.002,0,25.524,25.516,0.089,1.09,12.2,0.077,0.099,0.0,0
3723.44,4071.01,114.4590332,65.7009307,26.053,26.018,0.063,0.99,17.3,-0.007,0.113,0.023,0,26.258,26.252,0.142,1.02,7.7,-0.011,0.836,0.051,0
2488.45,1257.58,114.5377774,65.7287228,26.25,26.525,0.072,1.06,15.0,0.019,0.309,0.001,0,25.379,25.371,0.074,1.1,14.7,0.031,0.049,0.015,0
3078.21,2560.88,114.5014524,65.7156187,26.242,26.513,0.074,0.97,14.7,-0.032,0.133,0.006,0,25.383,25.375,0.076,1.06,14.2,0.013,0.173,0.005,0
2093.15,1184.89,114.5362445,65.7342697,26.194,26.428,0.069,0.91,15.7,-0.004,0.038,0.004,0,25.437,25.429,0.078,1.0,13.9,0.079,0.217,0.017,0
3338.47,3750.83,114.4655785,65.7073428,26.219,26.399,0.078,1.06,14.0,0.038,0.133,0.006,0,25.606,25.598,0.1,0.86,10.8,-0.02,0.051,0.018,0
2241.02,3138.86,114.4745352,65.7244023,26.24,26.468,0.072,0.99,15.2,0.045,0.304,0.0,0,25.5,25.492,0.083,1.09,13.2,0.021,0.23,0.001,0
1048.63,2717.87,114.4763921,65.7419493,26.494,26.864,0.09,1.01,12.0,-0.012,0.086,0.001,0,25.314,25.305,0.074,1.1,14.6,0.052,0.193,0.003,0
3597.13,137.21,114.5848704,65.7185051,26.298,26.523,0.072,1.04,15.0,-0.049,0.396,0.001,0,25.568,25.56,0.083,1.06,13.0,0.047,0.162,0.0,0
1807.81,2309.08,114.4970891,65.7335174,26.286,26.529,0.081,1.01,13.4,-0.012,0.199,0.002,2,25.506,25.498,0.088,1.02,12.4,-0.044,0.238,0.004,0
2567.71,3687.9,114.4600155,65.7178373,26.391,26.674,0.079,1.06,13.7,-0.014,0.175,0.0,0,25.496,25.488,0.08,1.1,13.5,0.072,0.17,0.0,0
936.71,1189.93,114.5247125,65.7496174,26.28,26.499,0.074,1.06,14.6,0.026,0.235,0.004,0,25.567,25.559,0.087,1.01,12.5,-0.011,0.244,0.0,0
3790.37,3610.51,114.4745596,65.7019077,26.383,26.622,0.078,1.0,13.9,-0.027,0.155,0.001,0,25.614,25.606,0.089,0.88,12.1,0.043,0.289,0.061,0
1745.04,2585.43,114.4875368,65.733233,26.531,26.908,0.119,1.09,9.2,0.114,0.613,0.002,0,25.326,25.317,0.111,1.01,9.8,0.03,0.177,0.001,2
3577.54,1593.69,114.5376082,65.7128921,26.428,26.72,0.085,0.92,12.7,0.025,0.315,0.009,0,25.503,25.495,0.083,0.88,13.1,-0.009,0.262,0.027,0
1774.44,1678.73,114.5171421,65.7365099,26.473,26.799,0.089,1.08,12.3,0.031,0.253,0.007,0,25.443,25.434,0.082,1.04,13.3,0.063,0.331,0.01,0
2814.34,1546.06,114.531653,65.723227,26.471,26.778,0.088,1.1,12.3,0.032,0.538,0.003,0,25.503,25.494,0.082,1.07,13.3,-0.056,-0.088,0.007,0
3592.11,4086.69,114.457233,65.7026118,26.47,26.695,0.09,1.06,12.1,0.027,0.031,0.052,0,25.742,25.734,0.106,0.92,10.2,-0.019,0.519,0.009,0
2481.24,3813.1,114.4551185,65.7184784,26.868,27.313,0.111,0.91,9.7,0.09,0.196,0.001,0,25.407,25.398,0.075,1.05,14.5,0.071,0.267,0.001,0
2115.9,3507.57,114.4613874,65.7245705,26.397,26.58,0.08,1.0,13.6,-0.032,0.194,0.001,0,25.777,25.77,0.1,0.94,10.9,0.021,0.252,0.001,0
3937.91,828.12,114.5658798,65.7111913,26.552,26.87,0.091,0.86,11.9,0.028,0.326,0.0,0,25.549,25.54,0.083,1.04,13.1,-0.025,0.181,0.0,0
2730.94,2369.87,114.5042085,65.7210056,26.4,26.613,0.084,1.01,13.0,0.106,0.578,0.001,0,25.702,25.694,0.098,1.01,11.1,0.049,0.419,0.001,0
3258.32,1407.5,114.5404911,65.7178862,26.408,26.613,0.082,0.95,13.3,-0.052,0.335,0.072,0,25.73,25.722,0.098,1.03,11.1,-0.001,0.027,0.086,0
964.04,2375.19,114.4866405,65.7444608,26.463,26.692,0.088,1.14,12.3,-0.025,0.077,0.001,0,25.722,25.714,0.104,1.21,10.4,0.126,0.078,0.003,0
492.84,945.95,114.528241,65.7565016,26.503,26.737,0.106,0.91,10.2,-0.028,-0.096,0.0,0,25.747,25.739,0.142,1.0,7.7,0.066,0.602,0.0,2
3896.06,3233.83,114.487762,65.7020289,26.466,26.643,0.084,0.91,12.9,-0.001,0.322,0.001,0,25.863,25.855,0.108,1.14,10.0,-0.028,0.202,0.001,0
2132.11,3934.58,114.4477502,65.7226236,26.612,26.87,0.097,0.9,11.2,0.027,-0.131,0.0,0,25.791,25.783,0.101,1.11,10.8,0.061,0.595,0.003,0
4121.64,3698.86,114.4749682,65.6971487,26.592,26.861,0.091,0.94,11.9,-0.02,0.311,0.005,0,25.739,25.731,0.097,1.0,11.2,0.071,0.459,0.028,0
3351.14,1043.37,114.5531701,65.718122,26.417,26.657,0.118,0.98,9.2,-0.045,0.159,0.002,2,25.644,25.636,0.196,1.14,5.5,0.091,1.38,0.011,2
2858.74,1461.35,114.5348272,65.722979,26.534,26.792,0.091,0.98,11.9,-0.049,-0.089,0.001,0,25.709,25.7,0.095,1.06,11.4,0.046,0.554,0.0,0
1057.32,1706.95,114.5091732,65.745925,26.638,26.962,0.103,1.11,10.5,-0.046,0.185,0.003,0,25.617,25.608,0.094,1.02,11.6,0.021,0.205,0.034,0
2085.33,3433.03,114.4634947,65.7252787,26.595,26.852,0.094,1.01,11.6,0.039,0.425,0.0,0,25.775,25.767,0.1,0.88,10.8,-0.019,0.186,0.0,0
2036.79,3088.18,114.4741606,65.7273209,26.746,27.078,0.105,1.07,10.4,-0.025,0.392,0.001,0,25.695,25.687,0.095,1.14,11.4,0.01,0.028,0.0,0
3907.8,2984.79,114.4959191,65.7028808,26.518,26.709,0.089,0.88,12.2,0.057,-0.056,0.013,0,25.878,25.871,0.111,0.99,9.8,-0.017,0.378,0.031,0
3538.59,949.38,114.5580463,65.7160098,26.613,26.868,0.095,0.99,11.5,0.051,0.186,0.002,0,25.798,25.79,0.101,1.01,10.7,0.049,-0.028,0.0,0
1716.93,1097.76,114.5353654,65.7396213,26.453,26.57,0.085,1.1,12.8,-0.028,0.43,0.001,0,25.997,25.989,0.119,0.99,9.1,-0.022,0.288,0.002,0
3869.83,1420.36,114.5460767,65.7097073,26.538,26.746,0.092,0.87,11.7,0.045,0.334,0.019,0,25.853,25.845,0.109,0.93,10.0,-0.007,0.344,0.04,0
2565.56,547.6,114.5614904,65.7305627,26.546,26.731,0.087,0.95,12.5,0.021,0.192,0.008,0,25.923,25.916,0.106,1.04,10.2,0.01,0.766,0.0,0
559.69,3936.75,114.4321538,65.7435017,26.655,26.891,0.098,0.99,11.1,-0.049,0.21,0.0,0,25.894,25.886,0.108,1.19,10.0,0.001,0.722,0.001,0
3866.34,3888.8,114.4663231,65.6997709,27.037,27.125,0.131,0.95,8.3,0.013,0.536,0.013,0,26.652,26.645,0.199,1.06,5.4,0.101,0.436,0.002,0
2536.72,2478.81,114.4987771,65.7231456,26.496,26.646,0.09,0.88,12.1,0.063,-0.07,0.0,0,25.963,25.955,0.119,0.96,9.1,-0.02,0.321,0.002,0
2096.37,3954.92,114.4467404,65.7230158,26.691,26.905,0.099,1.07,11.0,0.081,0.489,0.04,0,25.992,25.984,0.117,1.12,9.3,-0.009,0.108,0.058,0
1072.4,4052.89,114.433465,65.73622,26.664,26.88,0.097,1.02,11.2,0.1,0.217,0.0,0,25.957,25.949,0.112,1.0,9.7,-0.022,-0.029,0.0,0
1640.87,1689.6,114.5154767,65.7382409,26.577,26.794,0.097,1.09,11.2,-0.008,-0.077,0.009,0,25.869,25.861,0.113,1.02,9.6,0.052,0.369,0.001,0
664.38,2578.72,114.4771037,65.7476179,26.725,27.03,0.107,1.16,10.1,0.038,0.218,0.003,0,25.764,25.755,0.104,1.07,10.4,-0.043,-0.055,0.001,0
1599.7,3531.07,114.4555369,65.7313327,26.696,26.929,0.101,1.15,10.8,0.087,0.162,0.0,0,25.942,25.934,0.113,1.1,9.6,0.02,0.741,0.0,0
2934.57,3590.57,114.4667751,65.7133581,26.612,26.754,0.093,0.94,11.7,0.021,0.632,0.002,0,26.097,26.089,0.125,0.87,8.7,0.02,0.412,0.052,0
400.51,3520.38,114.4440447,65.747306,26.695,26.888,0.102,0.96,10.7,0.072,0.47,0.0,0,26.05,26.042,0.129,1.05,8.4,0.227,0.689,0.013,0
3417.88,1333.55,114.544447,65.7160641,26.618,26.798,0.096,1.05,11.3,-0.03,0.162,0.003,0,26.008,26.0,0.122,1.06,8.9,0.096,0.268,0.0,0
4137.4,3901.36,114.4685866,65.696119,26.792,27.036,0.11,0.97,9.9,0.004,-0.001,0.001,0,26.007,25.999,0.118,0.97,9.2,0.055,0.433,0.003,0
3263.2,3680.24,114.4671166,65.7086289,26.849,27.154,0.113,1.0,9.6,0.04,0.58,0.0,0,25.887,25.878,0.106,1.02,10.2,0.038,-0.031,0.0,0
4129.18,2412.72,114.5165686,65.7022528,26.559,26.613,0.095,0.86,11.5,0.037,0.193,0.001,0,26.303,26.297,0.164,1.02,6.6,0.142,0.494,0.002,0
772.66,3542.13,114.4470166,65.7422743,26.819,27.096,0.114,1.03,9.5,0.077,0.093,0.003,0,25.942,25.934,0.113,1.11,9.6,-0.067,0.044,0.002,0
3071.63,3660.19,114.4658769,65.7112551,26.815,27.079,0.109,0.86,10.0,0.05,0.428,0.116,0,25.972,25.964,0.113,0.9,9.6,0.065,0.56,0.026,0
3907.43,1995.29,114.5278728,65.7068862,26.584,26.678,0.099,1.01,11.0,0.038,0.004,0.004,0,26.185,26.178,0.147,1.1,7.4,-0.062,0.138,0.004,0
3289.1,2546.55,114.5039894,65.7128745,26.761,27.023,0.107,1.03,10.1,0.07,0.694,0.0,0,25.927,25.919,0.116,0.98,9.4,0.0,0.032,0.0,0
3418.3,1466.32,114.5401607,65.7155226,26.661,26.845,0.101,0.99,10.8,0.049,0.854,0.048,0,26.043,26.035,0.124,1.07,8.8,-0.059,-0.245,0.015,0
279.72,1132.17,114.520117,65.7585813,26.817,27.106,0.115,1.07,9.5,0.005,0.405,0.001,0,25.905,25.897,0.115,0.91,9.4,0.052,0.63,0.0,0
4037.54,3718.18,114.4735167,65.6981878,26.759,26.961,0.105,1.02,10.3,0.066,0.635,0.001,0,26.091,26.083,0.13,0.93,8.4,0.146,0.275,0.0,0
415.54,3470.31,114.4458123,65.7473095,26.79,27.035,0.112,1.01,9.7,0.084,0.552,0.0,0,26.003,25.995,0.121,1.08,9.0,0.024,0.196,0.0,0
563.98,3026.33,114.4616363,65.747138,26.701,26.876,0.105,1.03,10.3,0.097,0.688,0.0,0,26.102,26.094,0.135,1.0,8.0,0.032,0.501,0.0,0
1194.88,3397.36,114.4558648,65.7372526,26.765,26.965,0.107,1.0,10.2,-0.015,0.044,0.0,0,26.101,26.093,0.133,1.06,8.2,0.242,0.594,0.0,0
2843.84,713.16,114.5588673,65.7261964,26.721,26.904,0.101,0.98,10.7,0.111,0.236,0.001,0,26.101,26.094,0.124,0.95,8.7,-0.045,0.348,0.018,0
2930.26,2865.68,114.4901493,65.7163512,27.152,27.58,0.147,0.98,7.4,-0.055,0.246,0.001,0,25.761,25.751,0.101,1.06,10.8,0.081,0.489,0.0,0
2745.13,3600.95,114.4645731,65.7158328,26.694,26.758,0.098,1.0,11.1,-0.065,0.236,0.009,0,26.402,26.395,0.163,0.99,6.6,0.019,0.19,0.03,0
1130.29,979.62,114.5334206,65.7478944,27.141,27.548,0.146,1.11,7.5,0.017,0.84,0.002,0,25.829,25.819,0.103,1.02,10.5,0.004,0.268,0.008,0
3334.29,363.65,114.5749755,65.7210866,26.957,27.282,0.123,1.23,8.9,0.021,0.034,0.018,0,25.928,25.919,0.108,1.06,10.1,0.009,0.204,0.004,0
2851.28,700.09,114.5593629,65.7261502,26.954,27.272,0.121,1.0,8.9,0.009,0.054,0.024,0,25.948,25.939,0.113,1.06,9.6,0.104,0.771,0.102,0
2867.12,2786.15,114.4920974,65.717512,26.775,26.986,0.109,0.97,10.0,-0.064,0.3,0.007,0,26.081,26.073,0.132,0.93,8.2,0.132,0.05,0.06,0
2908.2,4011.03,114.4529351,65.7120039,26.957,27.251,0.118,0.93,9.2,0.002,0.362,0.003,0,26.029,26.021,0.116,0.88,9.4,-0.003,0.134,0.003,0
1065.41,3442.38,114.4531317,65.73879,26.994,27.321,0.125,1.07,8.7,0.072,0.354,0.003,0,25.961,25.952,0.115,1.19,9.4,-0.013,0.369,0.014,0
3677.19,305.86,114.5802032,65.7167615,26.884,27.125,0.112,0.96,9.7,0.025,0.508,0.0,0,26.111,26.103,0.125,0.95,8.7,-0.033,0.635,0.0,0
3961.74,3827.39,114.4692449,65.6987524,26.971,27.254,0.126,1.04,8.6,0.029,0.1,0.001,0,26.075,26.067,0.125,0.92,8.7,0.071,0.333,0.003,0
2801.06,2758.15,114.4923519,65.718503,26.739,26.842,0.106,1.04,10.3,0.052,0.241,0.023,0,26.316,26.309,0.158,1.11,6.9,0.144,0.791,0.033,0
919.09,3322.09,114.4555767,65.7412215,26.869,27.091,0.117,1.07,9.3,-0.071,0.455,0.0,0,26.147,26.139,0.137,0.94,7.9,0.041,0.272,0.0,0
1338.66,3418.84,114.4565891,65.7352555,26.853,27.059,0.116,0.96,9.4,0.013,0.307,0.024,0,26.174,26.167,0.136,1.12,8.0,0.048,0.833,0.058,0
1089.35,1374.99,114.520227,65.7468413,26.732,26.843,0.106,1.2,10.2,-0.004,0.351,0.0,0,26.29,26.283,0.155,0.89,7.0,0.003,0.138,0.0,0
1336.42,4002.52,114.4377008,65.7329174,27.5,27.971,0.186,0.89,5.8,-0.02,1.296,0.001,0,25.927,25.917,0.11,1.06,9.8,0.126,0.279,0.001,0
183.92,837.59,114.528709,65.7610446,26.947,27.216,0.149,1.04,7.3,-0.019,0.202,0.003,0,26.094,26.085,0.185,1.01,5.9,-0.009,0.436,0.0,2
4017.98,1272.11,114.5523195,65.7083365,26.968,27.255,0.13,0.96,8.3,-0.08,0.353,0.03,0,26.06,26.051,0.127,1.1,8.6,0.046,0.239,0.041,0
2946.7,3680.63,114.4639857,65.712832,26.992,27.289,0.14,0.92,7.8,0.012,0.749,0.002,0,26.054,26.046,0.18,0.94,6.0,0.032,-0.113,0.004,2
3506.71,341.59,114.5773781,65.7188836,27.463,27.876,0.18,1.04,6.0,-0.065,-0.023,0.0,0,26.128,26.119,0.13,1.09,8.4,0.062,0.491,0.0,0
2467.94,1288.29,114.5365831,65.7288714,27.004,27.215,0.18,1.02,6.0,0.041,0.19,0.014,0,26.31,26.302,0.15,1.02,7.2,-0.046,0.302,0.005,0
199.55,1503.76,114.5073016,65.7581444,26.951,27.212,0.132,1.07,8.2,-0.027,0.33,0.0,0,26.122,26.114,0.141,1.08,7.7,0.052,0.476,0.0,0
2096.98,3296.07,114.4680354,65.725679,26.915,27.115,0.121,0.95,9.0,0.077,0.54,0.004,0,26.252,26.244,0.15,1.05,7.2,0.041,0.051,0.025,0
3825.17,2871.99,114.4987491,65.7044351,27.021,27.321,0.136,1.07,8.0,0.039,-0.129,0.0,0,26.072,26.063,0.13,1.15,8.3,0.011,0.511,0.0,0
3896.19,2998.72,114.4953551,65.7029787,27.02,27.28,0.139,0.85,7.8,-0.07,0.372,0.001,0,26.189,26.181,0.166,0.95,6.5,0.024,0.574,0.021,0
3766.53,3519.79,114.4772541,65.7025919,27.188,27.539,0.147,1.05,7.4,0.017,0.085,0.001,0,26.079,26.07,0.127,0.96,8.5,0.021,0.261,0.01,0
1596.47,948.65,114.5390047,65.7418242,26.914,27.115,0.119,1.05,9.2,0.12,0.426,0.002,0,26.248,26.241,0.144,1.17,7.5,0.039,-0.106,0.0,0
1163.75,2876.39,114.4724013,65.7397777,27.124,27.462,0.152,1.07,7.2,0.109,0.347,0.008,0,26.058,26.049,0.131,0.93,8.3,0.049,0.518,0.007,0
4057.57,3427.7,114.4830915,65.6990981,27.127,27.46,0.139,1.0,7.8,0.058,0.302,0.0,0,26.072,26.063,0.127,0.94,8.5,0.02,0.479,0.0,0
4072.18,4011.54,114.464388,65.6965389,27.143,27.436,0.142,1.08,7.6,0.074,0.201,0.02,0,26.214,26.205,0.141,1.01,7.7,-0.095,0.308,0.018,2
2861.3,1662.75,114.5283427,65.7221316,26.879,27.025,0.119,1.0,9.1,-0.057,0.126,0.005,0,26.354,26.347,0.162,1.15,6.7,0.053,-0.087,0.013,0
2973.54,3451.22,114.4716601,65.713405,26.991,27.211,0.123,0.97,8.8,0.063,-0.171,0.005,0,26.274,26.266,0.146,0.88,7.4,0.168,0.409,0.0,0
391.8,1792.44,114.4998538,65.7544223,26.953,27.175,0.136,1.03,8.0,0.135,1.01,0.006,0,26.231,26.223,0.174,1.03,6.2,-0.078,-0.214,0.001,2
522.48,3542.87,114.4445221,65.7455946,27.226,27.516,0.153,1.07,7.1,-0.071,0.529,0.076,0,26.311,26.302,0.153,0.98,7.1,0.021,0.183,0.04,0
3562.58,886.99,114.5602979,65.7159426,27.008,27.247,0.125,0.92,8.7,-0.045,0.125,0.003,0,26.238,26.23,0.143,1.06,7.6,0.17,0.653,0.003,0
2720.37,1711.82,114.525372,65.7238062,27.011,27.287,0.135,1.13,8.0,0.015,-0.314,0.005,0,26.133,26.125,0.136,1.1,8.0,0.044,0.525,0.001,0
1281.89,116.14,114.5628495,65.749364,27.436,27.679,0.18,0.91,6.0,0.125,-0.111,0.004,0,26.653,26.645,0.195,1.12,5.6,0.014,0.755,0.002,0
2366.4,3324.59,114.4697692,65.7219841,26.934,27.064,0.119,1.18,9.1,0.032,0.069,0.003,0,26.447,26.44,0.17,0.86,6.4,0.075,0.201,0.001,0
3610.57,3582.68,114.4736881,65.7044092,27.202,27.533,0.147,0.9,7.4,-0.015,-0.006,0.0,0,26.157,26.148,0.139,1.02,7.8,0.008,0.804,0.008,0
4139.72,4230.78,114.4579768,65.6947529,27.122,27.348,0.142,1.1,7.7,0.037,0.142,0.001,0,26.386,26.379,0.157,1.05,6.9,-0.018,0.675,0.001,0
3088.42,2125.24,114.5156285,65.7172446,26.954,27.174,0.136,0.95,8.0,0.09,0.815,0.0,0,26.236,26.228,0.154,1.1,7.1,-0.019,0.336,0.151,0
1876.38,2990.27,114.4757443,65.7298487,27.064,27.32,0.135,1.04,8.1,-0.113,-0.177,0.0,0,26.246,26.238,0.149,0.94,7.3,0.066,0.663,0.0,0
2200.52,2619.12,114.4909333,65.7270449,27.015,27.223,0.136,1.0,8.0,-0.048,0.438,0.045,0,26.33,26.322,0.163,1.12,6.7,0.079,0.47,0.035,0
2093.28,569.49,114.5561479,65.7367515,26.959,27.047,0.12,0.93,9.1,-0.064,0.488,0.007,0,26.573,26.566,0.181,1.01,6.0,0.059,-0.18,0.131,0
2933.2,4065.7,114.451416,65.7114501,27.155,27.409,0.14,1.07,7.7,0.1,0.189,0.007,0,26.342,26.333,0.148,1.07,7.3,0.07,0.871,0.004,0
3395.3,3679.48,114.4684424,65.706877,26.947,27.012,0.13,1.04,8.4,0.017,0.583,0.0,2,26.654,26.647,0.198,0.91,5.5,-0.06,0.444,0.0,0
2850.74,1298.05,114.540027,65.7237447,26.974,27.105,0.129,1.11,8.4,0.082,0.102,0.003,0,26.483,26.476,0.174,1.0,6.2,-0.007,1.361,0.001,0
2139.44,3751.1,114.4537507,65.7232704,27.204,27.493,0.146,1.07,7.4,-0.154,-0.198,0.0,0,26.291,26.282,0.148,1.04,7.3,0.209,0.79,0.0,0
3358.97,1767.97,114.5298309,65.715093,27.231,27.598,0.162,0.9,6.7,-0.054,0.365,0.0,0,26.064,26.055,0.129,0.9,8.4,0.001,0.083,0.001,0
683.14,2358.15,114.4844231,65.7482619,27.139,27.371,0.153,1.0,7.1,0.177,0.092,0.003,0,26.389,26.381,0.176,1.09,6.2,0.132,0.532,0.0,0
2242.07,2926.8,114.4813985,65.7252472,27.088,27.281,0.136,0.95,8.0,-0.047,0.456,0.0,0,26.444,26.436,0.175,1.01,6.2,0.033,0.364,0.041,0
2082.94,3451.18,114.4628846,65.7252369,26.99,27.061,0.126,0.98,8.6,0.062,0.613,0.001,0,26.668,26.661,0.201,1.17,5.4,-0.02,0.283,0.0,0
3404.67,1438.46,114.5409272,65.7158162,27.221,27.522,0.157,1.06,6.9,-0.04,0.697,0.001,0,26.269,26.261,0.147,1.1,7.4,-0.005,0.45,0.005,0
1883.45,237.96,114.5648124,65.7408773,26.962,27.006,0.122,1.09,8.9,0.023,0.314,0.057,0,26.744,26.737,0.206,0.99,5.3,0.053,1.446,0.004,0
1632.91,3512.96,114.4564498,65.7309649,27.062,27.214,0.137,0.98,7.9,0.137,0.422,0.0,0,26.523,26.516,0.183,1.01,5.9,0.093,0.817,0.0,0
2449.98,3171.2,114.4755489,65.7214952,27.091,27.247,0.137,0.97,7.9,-0.124,0.191,0.002,0,26.539,26.531,0.188,1.1,5.8,0.138,0.038,0.015,0
3018.61,389.5,114.5710455,65.7251784,27.068,27.217,0.132,0.9,8.2,-0.011,-0.029,0.065,0,26.535,26.528,0.175,1.02,6.2,0.002,2.105,0.022,0
1275.3,1208.03,114.5274571,65.7450448,27.1,27.268,0.146,1.13,7.5,0.02,0.506,0.006,0,26.519,26.512,0.184,1.08,5.9,0.021,0.291,0.002,0
3735.84,4122.74,114.4574854,65.7005563,27.127,27.254,0.136,0.92,8.0,-0.086,0.158,0.0,0,26.647,26.64,0.195,0.98,5.6,0.031,0.355,0.0,0
3219.7,1221.9,114.5461103,65.7191486,27.206,27.498,0.152,0.97,7.1,0.015,0.707,0.0,0,26.282,26.274,0.148,1.1,7.3,0.012,0.244,0.0,0
3322.47,1325.22,114.5437798,65.7173658,27.048,27.201,0.136,0.9,8.0,0.086,0.423,0.002,0,26.505,26.498,0.181,0.89,6.0,0.064,0.571,0.006,0
3069.78,827.71,114.5573806,65.7227315,27.262,27.541,0.18,1.1,6.0,0.114,0.701,0.0,0,26.377,26.369,0.172,0.96,6.3,0.032,0.955,0.0,0
4034.16,1247.92,114.5532597,65.7082191,27.24,27.537,0.162,1.05,6.7,0.032,0.537,0.046,0,26.303,26.294,0.155,0.94,7.0,0.009,-0.04,0.024,0
1208.73,762.43,114.5412187,65.7477289,27.305,27.621,0.158,1.03,6.9,-0.015,-0.233,0.0,0,26.306,26.298,0.148,0.89,7.3,0.081,1.342,0.0,0
441.05,426.91,114.5445313,65.7592856,27.233,27.51,0.153,1.08,7.1,0.097,0.879,0.0,0,26.355,26.347,0.155,1.05,7.0,0.053,-0.415,0.0,0
756.5,2137.5,114.4922835,65.7481803,27.064,27.215,0.148,1.08,7.3,0.008,0.683,0.0,0,26.527,26.52,0.203,1.08,5.4,0.05,0.752,0.001,0
552.55,3550.2,114.4445821,65.7451654,27.167,27.351,0.146,1.0,7.5,0.072,0.366,0.0,0,26.546,26.538,0.188,1.01,5.8,0.058,-0.019,0.0,0
3441.9,3768.68,114.466021,65.7058964,27.208,27.404,0.151,0.98,7.2,-0.04,0.885,0.001,0,26.555,26.548,0.19,0.98,5.7,0.096,0.236,0.0,0
1005.67,1644.84,114.510674,65.7468624,27.223,27.518,0.17,1.02,6.4,0.136,0.479,0.026,0,26.288,26.28,0.165,1.09,6.6,0.121,0.201,0.045,0
2954.82,2840.85,114.4911932,65.7161254,27.128,27.306,0.143,0.96,7.6,0.003,0.455,0.001,0,26.522,26.515,0.189,0.93,5.8,0.116,-0.371,0.079,0
3983.52,3561.01,114.478059,65.6995421,27.318,27.595,0.163,0.92,6.7,-0.008,0.82,0.005,0,26.437,26.428,0.174,0.93,6.2,0.204,0.502,0.005,0
2564.27,3731.12,114.4585854,65.7177078,27.673,28.118,0.214,0.88,5.1,0.109,0.033,0.012,0,26.212,26.202,0.137,0.99,7.9,0.029,0.036,0.0,0
477.09,2314.44,114.4838059,65.7511765,27.216,27.463,0.163,1.07,6.7,0.126,0.678,0.066,0,26.425,26.417,0.184,1.09,5.9,0.113,-0.001,0.005,0
2184.0,671.29,114.553746,65.7351351,27.571,27.913,0.2,0.85,5.4,0.038,0.924,0.0,0,26.489,26.48,0.171,1.02,6.4,-0.049,0.406,0.0,0
3792.4,1143.19,114.5542725,65.7118547,27.456,27.811,0.19,0.91,5.7,0.014,1.247,0.026,0,26.329,26.32,0.156,1.0,6.9,0.155,0.203,0.016,0
1736.69,1442.46,114.5244115,65.7379664,27.249,27.455,0.16,1.04,6.8,0.032,-0.258,0.061,0,26.57,26.562,0.198,0.94,5.5,0.129,1.792,0.039,0
1938.58,3533.59,114.458798,65.7268206,27.346,27.655,0.172,1.06,6.3,-0.033,0.169,0.078,0,26.37,26.362,0.166,1.01,6.6,0.097,0.623,0.063,0
3278.6,4054.88,114.4551704,65.7069056,27.683,28.114,0.21,1.05,5.2,0.132,-0.012,0.0,0,26.281,26.271,0.141,1.06,7.7,-0.021,0.317,0.0,0
2674.44,616.11,114.5603433,65.7288393,27.291,27.485,0.156,0.97,7.0,0.009,0.392,0.0,0,26.643,26.636,0.194,1.02,5.6,0.078,0.539,0.0,0
234.56,2641.73,114.4708261,65.753073,27.184,27.369,0.156,1.07,6.9,-0.017,0.178,0.01,0,26.559,26.551,0.214,1.06,5.1,0.182,1.364,0.009,0
1819.49,1798.74,114.5137046,65.7354262,27.127,27.311,0.158,0.96,6.9,0.035,0.063,0.004,0,26.505,26.497,0.191,0.93,5.7,-0.011,0.245,0.114,0
239.87,31.96,114.5553398,65.763553,27.238,27.402,0.154,1.0,7.1,0.034,0.686,0.005,0,26.667,26.659,0.197,0.96,5.5,-0.058,0.159,0.013,0
1375.56,2822.65,114.4762269,65.7371814,27.221,27.438,0.162,1.06,6.7,0.057,0.351,0.008,0,26.514,26.506,0.19,0.85,5.7,-0.055,1.696,0.012,0
3716.29,2707.79,114.5029815,65.7065461,27.174,27.345,0.155,0.95,7.0,0.1,1.254,0.0,0,26.585,26.577,0.199,0.98,5.5,0.064,-0.399,0.001,0
518.09,3661.23,114.4406514,65.7451726,27.396,27.678,0.179,0.99,6.1,0.178,-0.02,0.0,0,26.501,26.492,0.178,0.99,6.1,-0.039,0.679,0.0,0
3311.64,772.0,114.5615536,65.7197416,27.28,27.528,0.162,0.99,6.7,-0.031,-0.697,0.004,0,26.485,26.477,0.172,0.97,6.3,0.077,1.466,0.011,0
3580.09,3910.63,114.4627989,65.7034852,27.265,27.423,0.156,1.07,6.9,0.083,0.401,0.0,0,26.712,26.704,0.204,0.91,5.3,-0.07,0.12,0.0,0
2232.2,3835.54,114.4519374,65.7216957,27.612,28.001,0.208,1.03,5.2,0.022,0.953,0.0,0,26.366,26.357,0.155,0.85,7.0,0.071,-0.23,0.001,0
3141.05,1055.39,114.5507203,65.7208658,27.365,27.632,0.187,1.04,5.8,0.182,0.772,0.058,0,26.516,26.508,0.192,1.06,5.7,-0.035,0.468,0.032,0
3837.68,576.2,114.5730383,65.713539,27.455,27.773,0.182,1.0,6.0,0.107,0.836,0.0,0,26.449,26.441,0.167,1.08,6.5,0.118,0.857,0.0,0
3536.33,2747.2,114.4999391,65.7087778,27.277,27.457,0.166,0.9,6.5,0.048,0.177,0.0,0,26.666,26.658,0.213,0.88,5.1,0.005,1.096,0.0,0
2928.56,1631.94,114.5299993,65.7213622,27.248,27.456,0.16,1.15,6.8,0.068,0.422,0.002,0,26.562,26.554,0.194,1.01,5.6,0.184,0.735,0.003,0
3715.16,3676.47,114.4716895,65.7026397,27.378,27.609,0.168,0.86,6.5,0.1,0.649,0.0,0,26.631,26.623,0.197,1.03,5.5,-0.037,-0.02,0.006,0
3794.42,3099.65,114.4910949,65.7039225,27.377,27.641,0.177,1.07,6.1,0.212,0.247,0.0,0,26.535,26.527,0.187,0.84,5.8,-0.044,0.26,0.0,0
3949.69,1794.31,114.5347798,65.7071364,27.258,27.474,0.17,1.03,6.4,0.12,0.083,0.006,0,26.553,26.546,0.197,1.14,5.5,0.08,0.726,0.007,0
1045.44,1193.77,114.5256578,65.748157,27.424,27.718,0.183,1.04,5.9,-0.028,0.79,0.0,0,26.496,26.488,0.182,1.01,6.0,-0.004,-0.384,0.0,0
1239.72,2655.67,114.480287,65.7396624,27.371,27.624,0.186,1.05,5.8,0.0,0.029,0.095,0,26.561,26.553,0.199,0.99,5.4,0.048,0.442,0.029,0
3469.64,4078.27,114.456298,65.7042729,27.432,27.64,0.175,0.87,6.2,0.096,0.288,0.01,0,26.748,26.74,0.208,0.96,5.2,0.108,1.332,0.0,0
3997.05,2870.22,114.5004963,65.7021585,27.484,27.796,0.199,1.07,5.5,0.129,0.017,0.0,0,26.499,26.491,0.189,1.0,5.7,0.312,1.095,0.0,0
3923.65,3804.91,114.4695956,65.6993495,27.517,27.799,0.192,0.95,5.7,0.045,0.247,0.004,0,26.623,26.614,0.191,0.91,5.7,-0.095,0.385,0.004,0
2336.76,3437.14,114.4658404,65.7219218,27.611,27.929,0.211,0.96,5.2,0.034,0.833,0.024,0,26.606,26.598,0.195,0.9,5.6,0.081,0.554,0.006,0
1661.34,3451.37,114.4587209,65.7308369,27.448,27.679,0.177,0.99,6.1,-0.01,0.322,0.0,0,26.701,26.693,0.209,1.09,5.2,0.05,0.947,0.0,0
3220.3,4014.25,114.4559078,65.7078448,27.545,27.808,0.189,1.01,5.7,-0.044,-0.322,0.009,0,26.708,26.7,0.201,0.9,5.4,-0.001,1.075,0.009,0
4101.95,1077.2,114.5594399,65.7080067,27.509,27.807,0.2,1.01,5.4,0.064,1.712,0.001,0,26.566,26.558,0.191,1.01,5.7,-0.002,-0.391,0.001,0
1834.59,1730.48,114.5160603,65.7355015,27.424,27.682,0.196,1.08,5.5,-0.008,0.263,0.031,0,26.601,26.593,0.205,0.88,5.3,0.022,0.666,0.002,0
1591.07,532.3,114.5524202,65.7435762,27.534,27.78,0.192,1.05,5.7,0.023,1.192,0.001,0,26.744,26.736,0.21,1.09,5.2,0.049,0.59,0.011,0
3978.6,3761.58,114.4715354,65.698795,27.602,27.893,0.208,0.9,5.2,-0.15,0.867,0.006,0,26.68,26.671,0.207,1.01,5.3,0.102,0.779,0.011,0
3565.5,503.38,114.5727247,65.7174503,27.573,27.843,0.209,0.94,5.2,0.137,0.808,0.03,0,26.715,26.707,0.203,0.92,5.3,-0.058,0.386,0.0,0
1895.19,3022.24,114.4748964,65.7294693,27.492,27.759,0.198,1.22,5.5,0.079,0.291,0.005,0,26.642,26.634,0.211,1.12,5.2,0.056,0.232,0.004,0
3423.53,4165.25,114.4530352,65.7045327,27.684,27.966,0.214,1.01,5.1,0.196,0.53,0.012,0,26.79,26.782,0.211,0.89,5.1,-0.123,0.114,0.001,0
