galaxy,field,TRGB,RGB AGB Ratio,Ratio Error,RGB AGB Ratio pm 1,# star below tip,Slope,Tip Color,Extinction,A606,A814
ngc0253,ngc0253-field07,23.502000000000237,4.377777777777778,0.7233059295789441,10.781818181818181,593.0,1.2830503126563508,1.9508437500000002,0.009282472605063,0.0381595,0.0248329
ngc0253,ngc0253-field07,23.72200000000027,4.24,0.5442744405781579,8.161290322580646,759.0,2.044605927346095,1.561491803278689,0.009282472605063,0.0381595,0.0248329
ngc0253,ngc0253-field07,25.422000000000537,1.4320785597381342,0.07550081085830476,1.778185151237397,1940.0,4.724821172312081,0.9443321299638988,0.009282472605063,0.0381595,0.0248329
ngc0253,ngc0253-field07,25.70200000000058,1.4809052333804809,0.0720873423518081,1.351308485329104,1704.0,2.1850891941269692,0.9059805555555545,0.009282472605063,0.0381595,0.0248329
ngc0253,ngc0253-field07,26.042000000000634,1.0794341675734493,0.04942115746211256,0.6401253918495298,1021.0,6.038654033876272,0.8652798165137623,0.009282472605063,0.0381595,0.0248329
ngc0253,ngc0253-field08,23.700000000000365,4.946902654867257,0.5102380888950685,10.030303030303031,1324.0,2.1824518590750115,1.5877826086956517,0.007473483751599,0.0367885,0.0239407
ngc0253,ngc0253-field08,25.610000000000667,1.2172596517789553,0.04520104565279397,1.186296462158531,2649.0,3.548369556637988,0.9433910034602073,0.007473483751599,0.0367885,0.0239407
ngc0253,ngc0253-field09,23.70900000000031,4.963788300835654,0.2871577293922583,10.209677419354838,4431.0,1.628695287267592,1.7636124260355024,0.0103416839328268,0.0367885,0.0239407
ngc0253,ngc0253-field10,23.722000000000342,4.859680284191829,0.2248985275379306,9.923994038748138,6659.0,1.6103233492436773,1.77141011235955,0.0103480373856969,0.0367885,0.0239407
ngc0891,ngc0891-field01,25.902000000001017,3.8019354838709676,0.10852872046632109,5.999525166191833,12635.0,2.6581700993620836,1.5251571534469994,0.0111168908252377,0.127046,0.0826772
ngc0891,ngc0891-field02,25.85300000000087,4.665338645418327,0.16225110673061924,8.216666666666667,10846.0,2.2186776731898585,1.6749005780346808,0.0123161984856137,0.1268175,0.0825285
ngc0891,ngc0891-field02,25.983000000000892,3.5475740390674226,0.10082475141990832,5.7501239464551315,11598.0,2.504657086280614,1.5769692307692278,0.0123161984856137,0.1268175,0.0825285
ngc0891,ngc0891-field04,25.78000000000096,4.77020202020202,0.2636430348647209,9.224761904761905,4843.0,1.6021569243089169,1.8942433460076045,0.01216788337807,0.127503,0.0829746
ngc0891,ngc0891-field04,25.920000000000982,4.35304347826087,0.20130889525213586,7.222074468085107,5431.0,2.2067201711611624,1.6707420560747652,0.01216788337807,0.127503,0.0829746
ngc0891,ngc0891-field05,25.429000000000514,4.823529411764706,1.2854380209719285,15.48,387.0,2.4839408874060305,1.5763529411764705,0.002738961546247,0.115164,0.0749448
ngc0891,ngc0891-field05,25.869000000000582,4.622950819672131,0.652795063626207,8.623376623376624,664.0,3.1682955177732692,1.40636,0.002738961546247,0.115164,0.0749448
ngc0891,ngc0891-field05,26.909000000000745,1.1689008042895441,0.08244308938954145,0.8807749627421758,591.0,2.4233831747968164,1.080408163265306,0.002738961546247,0.115164,0.0749448
ngc2403,ngc2403-field03,21.80100000000005,2.8333333333333335,1.3454312264791484,13.833333333333334,83.0,-12.996485644187848,1.0917499999999989,0.0187460933483142,0.074491,0.0484762
ngc2403,ngc2403-field03,22.30100000000013,3.8823529411764706,1.055936085995796,7.217391304347826,166.0,-79.26684122827675,0.9582222222222221,0.0187460933483142,0.074491,0.0484762
ngc2403,ngc2403-field03,22.601000000000177,4.739130434782608,1.0874479040528473,6.025,241.0,19.330834790061235,1.0299655172413795,0.0187460933483142,0.074491,0.0484762
ngc2403,ngc2403-field03,23.431000000000303,2.7419354838709675,0.3321507897232544,3.4782608695652173,640.0,5.811715078445074,0.9911454545454543,0.0187460933483142,0.074491,0.0484762
ngc2403,ngc2403-field03,23.921000000000383,1.5772357723577235,0.1285457821382677,2.8816568047337277,974.0,6.868012367111448,0.8834152542372881,0.0187460933483142,0.074491,0.0484762
ngc2403,ngc2403-field03,24.321000000000446,1.629080118694362,0.11273484754545388,2.3507194244604315,1307.0,5.838194093650671,0.8370365853658538,0.0187460933483142,0.074491,0.0484762
ngc2403,ngc2403-field03,25.3010000000006,1.6358695652173914,0.07654157366742806,2.3158717748240814,2962.0,36.86540192126179,0.6533436532507738,0.0187460933483142,0.074491,0.0484762
ngc2403,ngc2403-field03,25.401000000000614,1.6616352201257862,0.07458621135563694,2.328216374269006,3185.0,13.70527413857166,0.6763909952606638,0.0187460933483142,0.074491,0.0484762
ngc2403,ngc2403-field03,25.661000000000655,1.6653225806451613,0.0668910847271866,2.1336459554513483,3640.0,6.105635181163715,0.7039530075187971,0.0187460933483142,0.074491,0.0484762
ngc2403,ngc2403-field03,25.9410000000007,1.384333821376281,0.04915623306542056,1.3520804755372657,2957.0,9.098561457944001,0.6619618320610692,0.0187460933483142,0.074491,0.0484762
ngc2403,ngc2403-field03,26.251000000000744,1.064065230052417,0.035765202435017414,0.6452976400140895,1832.0,14.211565802622548,0.6224195710455762,0.0187460933483142,0.074491,0.0484762
ngc2403,ngc2403-field04,22.046000000000063,1.3333333333333333,0.7200822998230955,2.3333333333333335,14.0,-40.000000000002274,1.7379999999999995,0.0137357820742662,0.0660365,0.0429743
ngc2403,ngc2403-field04,22.456000000000124,1.0,0.5345224838248488,1.6923076923076923,22.0,-1.7277788443079265,0.6649999999999991,0.0137357820742662,0.0660365,0.0429743
ngc2403,ngc2403-field04,22.736000000000168,1.3333333333333333,0.7200822998230955,2.5,35.0,2.2680022680022627,1.5187500000000007,0.0137357820742662,0.0660365,0.0429743
ngc2403,ngc2403-field04,22.99600000000021,2.2857142857142856,1.0358022481999607,4.285714285714286,60.0,2.0734235882424747,1.5309999999999988,0.0137357820742662,0.0660365,0.0429743
ngc2403,ngc2403-field04,23.206000000000245,3.7142857142857144,1.5815997363263319,5.0,75.0,1.124868430567497,1.8551428571428563,0.0137357820742662,0.0660365,0.0429743
ngc2403,ngc2403-field04,23.62600000000031,2.7777777777777777,0.7635380788180852,4.48,112.0,6.146572104018954,1.029692307692307,0.0137357820742662,0.0660365,0.0429743
ngc2403,ngc2403-field04,23.88600000000035,1.4054054054054055,0.3022693339421675,2.9375,141.0,4.3425097420777785,1.113631578947368,0.0137357820742662,0.0660365,0.0429743
ngc2403,ngc2403-field04,24.086000000000382,1.3478260869565217,0.26228350275645773,2.4461538461538463,159.0,9.427893254065022,0.8975882352941182,0.0137357820742662,0.0660365,0.0429743
ngc2403,ngc2403-field04,24.316000000000415,2.0,0.3692744729379982,2.481012658227848,196.0,6.033882571362297,0.9927307692307685,0.0137357820742662,0.0660365,0.0429743
ngc2403,ngc2403-field04,24.716000000000477,1.7727272727272727,0.27289939472151437,2.234782608695652,257.0,10.5763248685029,0.8754772727272727,0.0137357820742662,0.0660365,0.0429743
ngc2403,ngc2403-field04,25.066000000000535,1.3265306122448979,0.17745979934149503,2.107594936708861,333.0,11.721304396106081,0.8118199999999999,0.0137357820742662,0.0660365,0.0429743
ngc2403,ngc2403-field04,25.446000000000595,1.690909090909091,0.2033823681601659,2.103960396039604,425.0,7.414375805721021,0.7822678571428572,0.0137357820742662,0.0660365,0.0429743
ngc2403,ngc2403-field04,25.80600000000065,1.58,0.164851448279959,1.6666666666666667,435.0,4.456274313793972,0.7812027027027026,0.0137357820742662,0.0660365,0.0429743
ngc2403,ngc2403-field04,25.95600000000067,1.2941176470588236,0.1260009789344853,1.2466216216216217,369.0,6.267126763422302,0.7279473684210528,0.0137357820742662,0.0660365,0.0429743
ngc2403,ngc2403-field04,26.146000000000704,1.2657004830917875,0.11770137838353638,0.8152492668621701,278.0,7.34023692026244,0.70462,0.0137357820742662,0.0660365,0.0429743
ngc2403,ngc2403-field04,26.426000000000748,0.5983263598326359,0.06325616356438096,0.34375,143.0,12.512939723589378,0.6483018867924526,0.0137357820742662,0.0660365,0.0429743
ngc2403,ngc2403-field05,21.404000000000018,24.0,24.49489742783178,65.0,65.0,-1.340867732975767,0.5924999999999994,0.0260343368173493,0.078604,0.0511528
ngc2403,ngc2403-field05,21.844000000000086,2.1666666666666665,0.6173919658581352,8.631578947368421,164.0,-7.525128554279503,1.235266666666667,0.0260343368173493,0.078604,0.0511528
ngc2403,ngc2403-field05,22.264000000000152,3.466666666666667,0.7184345120803622,7.043478260869565,324.0,5.714243030864384,1.1787777777777777,0.0260343368173493,0.078604,0.0511528
ngc2403,ngc2403-field05,22.47400000000019,4.023809523809524,0.6937622175279363,5.666666666666667,391.0,2.7410794694459257,1.3980303030303032,0.0260343368173493,0.078604,0.0511528
ngc2403,ngc2403-field05,22.634000000000214,3.2153846153846155,0.4566446664401728,5.1020408163265305,500.0,3.0158419243610166,1.3828653846153844,0.0260343368173493,0.078604,0.0511528
ngc2403,ngc2403-field05,22.894000000000254,1.7238805970149254,0.1871954224664269,3.902857142857143,683.0,2.224013345954509,1.4448809523809523,0.0260343368173493,0.078604,0.0511528
ngc2403,ngc2403-field05,23.504000000000346,2.4389140271493215,0.19481068265577775,3.422110552763819,1362.0,3.772605404847401,1.0648865248226953,0.0260343368173493,0.078604,0.0511528
ngc2403,ngc2403-field05,24.01400000000043,1.55,0.08555375178473733,2.7444298820445607,2094.0,5.0933999890855555,0.9553003663003664,0.0260343368173493,0.078604,0.0511528
ngc2403,ngc2403-field05,24.494000000000504,1.5103030303030303,0.06779039239736366,2.1856508875739644,2955.0,7.929322787438972,0.8097538461538464,0.0260343368173493,0.078604,0.0511528
ngc2403,ngc2403-field05,24.65400000000053,1.4637053087757312,0.06250580505837562,2.1695906432748537,3339.0,10.142836311141384,0.7951214128035321,0.0260343368173493,0.078604,0.0511528
ngc2403,ngc2403-field05,25.1140000000006,1.4789272030651341,0.05300294848323652,2.1153324287652646,4677.0,14.359157277784742,0.7243006756756757,0.0260343368173493,0.078604,0.0511528
ngc2403,ngc2403-field05,25.26400000000062,1.5229805013927578,0.05172814428887371,2.096630125862769,5164.0,6.890120209607256,0.7292204379562043,0.0260343368173493,0.078604,0.0511528
ngc2403,ngc2403-field05,25.454000000000654,1.478391356542617,0.046896685761785954,1.939011566771819,5532.0,5.400536863909957,0.6854062126642773,0.0260343368173493,0.078604,0.0511528
ngc2403,ngc2403-field05,25.684000000000687,1.4328063241106719,0.041499442151366424,1.6065959952885749,5456.0,3.3331557183650236,0.6896808510638294,0.0260343368173493,0.078604,0.0511528
ngc2403,ngc2403-field05,25.93400000000073,1.250613246116108,0.03392217740627056,1.0311427170181462,4205.0,3.075651324585115,0.6843288288288295,0.0260343368173493,0.078604,0.0511528
ngc2403,ngc2403-field05,26.054000000000748,1.1394009216589862,0.030595945774318085,0.793033250395838,3506.0,3.236290730985467,0.6681901692183725,0.0260343368173493,0.078604,0.0511528
ngc2403,ngc2403-field06,21.758000000000038,4.0,4.47213595499958,11.0,11.0,1.6465422612513712,2.08,0.0150209424033857,0.0760905,0.0495171
ngc2403,ngc2403-field06,22.298000000000123,1.75,1.096870548424015,2.2,11.0,0.6784260515603798,2.5020000000000007,0.0150209424033857,0.0760905,0.0495171
ngc2403,ngc2403-field06,23.008000000000237,1.75,1.096870548424015,3.4285714285714284,24.0,0.7593014426727424,2.3959999999999972,0.0150209424033857,0.0760905,0.0495171
ngc2403,ngc2403-field06,23.54800000000032,2.5714285714285716,1.1454053224818188,4.0,44.0,2.763067004374862,1.2074999999999991,0.0150209424033857,0.0760905,0.0495171
ngc2403,ngc2403-field06,24.01800000000039,1.411764705882353,0.4475320751342489,2.375,57.0,7.318348144276064,1.0789999999999995,0.0150209424033857,0.0760905,0.0495171
ngc2403,ngc2403-field06,24.998000000000545,1.2647058823529411,0.29024263942691486,1.690909090909091,93.0,12.72332078672525,0.9245333333333338,0.0150209424033857,0.0760905,0.0495171
ngc2403,ngc2403-field06,25.178000000000573,1.2222222222222223,0.2746740180405801,1.6984126984126984,107.0,7.555315704263383,0.8974999999999996,0.0150209424033857,0.0760905,0.0495171
ngc2403,ngc2403-field06,25.888000000000687,1.8095238095238095,0.3479155694909658,1.5714285714285714,132.0,-28.263795423955496,0.8586190476190477,0.0150209424033857,0.0760905,0.0495171
ngc2403,ngc2403-field06,26.22800000000074,1.2857142857142858,0.21597969886241555,0.8018867924528302,85.0,13.516775283610926,0.7716071428571432,0.0150209424033857,0.0760905,0.0495171
ngc2403,ngc2403-field06,26.468000000000778,0.6901408450704225,0.12817435479389055,0.4083333333333333,49.0,39.592430858806566,0.7228823529411768,0.0150209424033857,0.0760905,0.0495171
ngc2403,ngc2403-field07,22.174000000000085,2.0,1.4142135623730951,2.8,14.0,-1.2239902080783351,1.0189999999999984,0.0136162752580399,0.0683215,0.0444613
ngc2403,ngc2403-field07,22.524000000000136,1.75,1.096870548424015,1.4444444444444444,13.0,13.531799729364316,1.3664999999999985,0.0136162752580399,0.0683215,0.0444613
ngc2403,ngc2403-field07,22.74400000000017,1.6,0.9121403400793104,1.7777777777777777,16.0,2.540005080010156,1.6100000000000005,0.0136162752580399,0.0683215,0.0444613
ngc2403,ngc2403-field07,23.394000000000275,4.5,2.4874685927665503,4.2,42.0,4.563233376792672,1.2310000000000016,0.0136162752580399,0.0683215,0.0444613
ngc2403,ngc2403-field07,23.684000000000317,5.0,2.4494897427831783,3.923076923076923,51.0,218.75000000003774,0.9637142857142855,0.0136162752580399,0.0683215,0.0444613
ngc2403,ngc2403-field07,24.92400000000051,1.3928571428571428,0.34501077432789307,1.8627450980392157,95.0,-159.97229916897987,0.8401428571428574,0.0136162752580399,0.0683215,0.0444613
ngc2403,ngc2403-field07,25.16400000000055,1.054054054054054,0.24190035936879556,1.8852459016393444,115.0,43.992431409650514,0.8196666666666662,0.0136162752580399,0.0683215,0.0444613
ngc2403,ngc2403-field07,25.444000000000592,1.4615384615384615,0.30372191802635357,2.044776119402985,137.0,4.577182744021061,0.717875,0.0136162752580399,0.0683215,0.0444613
ngc2403,ngc2403-field07,26.314000000000732,0.5333333333333333,0.1044208011064065,0.3389830508474576,40.0,7.892659826361447,0.6060000000000005,0.0136162752580399,0.0683215,0.0444613
ngc3031,ngc3031-field02,23.374000000000223,6.2105263157894735,1.5352209413237912,20.870967741935484,647.0,-3.3344704143908586,1.4929090909090912,0.0135710038523955,0.1670335,0.1086997
ngc3031,ngc3031-field02,23.914000000000307,4.806451612903226,0.47441329402648325,13.802721088435375,2029.0,5.09801140878722,1.7933333333333334,0.0135710038523955,0.1670335,0.1086997
ngc3031,ngc3031-field02,24.014000000000323,4.79375,0.41663675022809143,11.408866995073891,2316.0,4.560227112155869,1.768,0.0135710038523955,0.1670335,0.1086997
ngc3031,ngc3031-field02,24.264000000000358,3.2370572207084467,0.19331890236914992,6.4935064935064934,3000.0,3.0782892565163413,1.7456478405315612,0.0135710038523955,0.1670335,0.1086997
ngc3031,ngc3031-field02,24.414000000000385,2.4043624161073827,0.117191126545923,4.6402777777777775,3341.0,2.021845320590758,1.829178743961354,0.0135710038523955,0.1670335,0.1086997
ngc3031,ngc3031-field02,24.474000000000395,2.199421965317919,0.10084096495074692,4.20310633213859,3518.0,2.016020211432886,1.7904755838641195,0.0135710038523955,0.1670335,0.1086997
ngc3031,ngc3031-field02,25.404000000000536,1.4780564263322884,0.0437451727490895,2.0006006006006007,6662.0,2.885994374715766,1.341522702104099,0.0135710038523955,0.1670335,0.1086997
ngc3031,ngc3031-field02,25.59400000000057,1.4873446847676024,0.04126139773965855,2.0136806103656935,7654.0,3.8392267572060685,1.2115013599274707,0.0135710038523955,0.1670335,0.1086997
ngc3031,ngc3031-field02,26.274000000000676,1.5211066742726753,0.03307268779401789,1.8101286704058066,10973.0,5.109441640629924,1.0171839424805262,0.0135710038523955,0.1670335,0.1086997
ngc3031,ngc3031-field02,26.464000000000702,1.4565707133917396,0.029927609600435185,1.753857245854362,12163.0,6.345021344304408,0.9822148337595904,0.0135710038523955,0.1670335,0.1086997
ngc3031,ngc3031-field02,26.654000000000735,1.2151310228233305,0.023850028156781042,1.8168961201501876,14517.0,9.612121789669093,0.9418709942481529,0.0135710038523955,0.1670335,0.1086997
ngc3031,ngc3031-field02,27.494000000000867,2.236132161260988,0.0331173595485621,1.6819972662217577,20919.0,3.6319766971371075,0.8246669117647065,0.0135710038523955,0.1670335,0.1086997
ngc3031,ngc3031-field02,27.684000000000893,1.4200214132762312,0.01918154623589872,1.1451087317949058,17219.0,2.7212434424382277,0.8388244822979315,0.0135710038523955,0.1670335,0.1086997
ngc3031,ngc3031-field03,21.975000000000072,5.0,3.872983346207417,16.0,32.0,3.8319070123898538,1.3914999999999988,0.011447540787144,0.1734315,0.1128633
ngc3031,ngc3031-field03,23.34500000000029,1.631578947368421,0.3361401966623711,4.684210526315789,267.0,-20.45992756314988,1.34828,0.011447540787144,0.1734315,0.1128633
ngc3031,ngc3031-field03,23.625000000000334,2.772727272727273,0.4875901735169538,5.753246753246753,443.0,4.2424453176617805,1.4205000000000003,0.011447540787144,0.1734315,0.1128633
ngc3031,ngc3031-field03,23.795000000000357,3.3333333333333335,0.517194075695146,5.760869565217392,530.0,6.282834581183128,1.3004186046511632,0.011447540787144,0.1734315,0.1128633
ngc3031,ngc3031-field03,24.065000000000403,3.13265306122449,0.36346080639870443,4.918367346938775,723.0,3.1842622418295146,1.402432835820895,0.011447540787144,0.1734315,0.1128633
ngc3031,ngc3031-field03,24.25500000000043,2.1761006289308176,0.20849135505604638,4.023809523809524,845.0,3.8329238329238366,1.322897435897436,0.011447540787144,0.1734315,0.1128633
ngc3031,ngc3031-field03,24.785000000000515,1.463768115942029,0.10224133446417824,2.214971209213052,1154.0,4.1523986944480935,1.1622937500000003,0.011447540787144,0.1734315,0.1128633
ngc3031,ngc3031-field03,25.575000000000635,1.280977312390925,0.07140915447264262,1.2248995983935742,1220.0,1.5779352552504893,0.9631911764705885,0.011447540787144,0.1734315,0.1128633
ngc3031,ngc3031-field03,25.885000000000687,1.0059084194977843,0.05459343714668812,0.6492103075644223,781.0,1.890360291029955,0.8584512987012988,0.011447540787144,0.1734315,0.1128633
ngc3031,ngc3031-field04,23.496000000000187,4.5,2.03100960115899,8.7,87.0,7.119446072366588,1.3978749999999995,0.0089664956003959,0.1770875,0.1152425
ngc3031,ngc3031-field04,23.806000000000232,3.2142857142857144,0.9836491232485487,7.428571428571429,156.0,7.529519137527785,1.2963333333333338,0.0089664956003959,0.1770875,0.1152425
ngc3031,ngc3031-field04,24.546000000000348,1.9275362318840579,0.2859748685905112,2.783505154639175,270.0,4.7269981336024,1.2290425531914895,0.0089664956003959,0.1770875,0.1152425
ngc3031,ngc3031-field05,21.85500000000004,7.0,7.4833147735478835,23.0,23.0,-1.1336154776299887,0.9156666666666666,0.0114142486701725,0.15538,0.101116
ngc3031,ngc3031-field05,22.155000000000086,4.666666666666667,2.968975381308309,7.25,29.0,1.8929150892374218,2.271000000000001,0.0114142486701725,0.15538,0.101116
ngc3031,ngc3031-field05,22.69500000000017,1.2142857142857142,0.4382412504386206,4.0,68.0,-1.8815808987097735,1.2504285714285714,0.0114142486701725,0.15538,0.101116
ngc3031,ngc3031-field05,23.345000000000276,4.529411764705882,1.2137686255664735,13.727272727272727,453.0,8.169336384439374,1.7136470588235289,0.0114142486701725,0.15538,0.101116
ngc3031,ngc3031-field05,23.77500000000034,5.578947368421052,0.8024480210310967,12.64864864864865,936.0,2.581570170344719,1.695953488372093,0.0114142486701725,0.15538,0.101116
ngc3031,ngc3031-field05,23.88500000000036,4.857142857142857,0.5819607619713264,10.084905660377359,1069.0,3.23322076907354,1.5759397590361446,0.0114142486701725,0.15538,0.101116
ngc3031,ngc3031-field05,23.965000000000373,4.169642857142857,0.4387030847247505,8.21985815602837,1159.0,3.480064264269746,1.525808695652174,0.0114142486701725,0.15538,0.101116
ngc3031,ngc3031-field05,24.26500000000042,2.00974025974026,0.14013903313607984,3.87603305785124,1407.0,1.885490418271718,1.654392156862745,0.0114142486701725,0.15538,0.101116
ngc3031,ngc3031-field05,24.625000000000476,1.4304267161410018,0.08031186090846469,2.3328859060402682,1738.0,2.965914439386484,1.395279527559055,0.0114142486701725,0.15538,0.101116
ngc3031,ngc3031-field05,25.305000000000582,1.3842302878598247,0.06426949456799415,1.7229588276343335,2469.0,3.9209585813643724,1.0985919999999991,0.0114142486701725,0.15538,0.101116
ngc3031,ngc3031-field05,25.54500000000062,1.355603448275862,0.05866018590861493,1.5451770451770452,2531.0,2.7651051846941943,1.0724013921113693,0.0114142486701725,0.15538,0.101116
ngc3031,ngc3031-field05,25.74500000000065,1.2995215311004784,0.05347518980144605,1.207516339869281,2217.0,2.555461355812547,1.0350330578512394,0.0114142486701725,0.15538,0.101116
ngc3031,ngc3031-field06,22.23600000000014,5.0,5.47722557505166,11.0,11.0,-3.6518563603164846,0.8484999999999996,0.0079085648340675,0.15081,0.098142
ngc3031,ngc3031-field06,22.6460000000002,2.0,1.4142135623730951,5.333333333333333,16.0,1.402327864254664,1.7364999999999995,0.0079085648340675,0.15081,0.098142
ngc3031,ngc3031-field06,23.07600000000027,2.5,1.479019945774904,6.571428571428571,46.0,-5.354486861675755,1.2744999999999997,0.0079085648340675,0.15081,0.098142
ngc3031,ngc3031-field06,23.496000000000336,3.7142857142857144,1.5815997363263319,8.666666666666666,104.0,3.0731407498463397,1.6158000000000001,0.0079085648340675,0.15081,0.098142
ngc3031,ngc3031-field06,23.74600000000037,5.4,1.8590320061795602,8.875,142.0,-18.11814859926929,1.0835714285714293,0.0079085648340675,0.15081,0.098142
ngc3031,ngc3031-field06,23.906000000000397,5.571428571428571,1.617145741686329,7.818181818181818,172.0,5.920913512370486,1.2978750000000001,0.0079085648340675,0.15081,0.098142
ngc3031,ngc3031-field06,24.286000000000456,1.5263157894736843,0.26009295499845986,3.3970588235294117,231.0,3.3351442713992627,1.2845294117647053,0.0079085648340675,0.15081,0.098142
ngc3031,ngc3031-field06,24.806000000000537,1.5934065934065933,0.21309728380749962,2.3716216216216215,351.0,3.683611995725307,1.171275,0.0079085648340675,0.15081,0.098142
ngc3031,ngc3031-field06,25.31600000000062,1.3758389261744965,0.14811503956716598,1.9453781512605042,463.0,6.945126098898713,0.9762702702702705,0.0079085648340675,0.15081,0.098142
ngc3031,ngc3031-field06,25.49600000000065,1.4197530864197532,0.14562449412444678,1.7601476014760147,477.0,5.753426683129351,0.8908375000000002,0.0079085648340675,0.15081,0.098142
ngc3031,ngc3031-field06,25.866000000000703,1.2985074626865671,0.12185606657810243,1.1452513966480447,410.0,3.5066901626714486,0.8859191919191926,0.0079085648340675,0.15081,0.098142
ngc3031,ngc3031-field06,26.176000000000755,1.1004366812227073,0.1004661095740227,0.6128266033254157,258.0,3.601604351029092,0.8784040404040403,0.0079085648340675,0.15081,0.098142
ngc3031,ngc3031-field06,26.466000000000797,0.43724696356275305,0.05044064418562407,0.23225806451612904,108.0,6.792067129362474,0.7479805825242721,0.0079085648340675,0.15081,0.098142
ngc3031,ngc3031-field07,22.813000000000095,1.75,1.096870548424015,2.6,13.0,3.7383177570093107,1.3560000000000016,0.0062264377366462,0.1418985,0.0923427
ngc3031,ngc3031-field07,23.073000000000135,1.1666666666666667,0.6490734136415514,2.75,22.0,1.158016633329823,1.899000000000001,0.0062264377366462,0.1418985,0.0923427
ngc3031,ngc3031-field07,23.393000000000185,1.8,1.0039920318408908,3.7,37.0,-39.08045977011759,1.1350000000000016,0.0062264377366462,0.1418985,0.0923427
ngc3031,ngc3031-field07,23.67300000000023,5.0,2.73861278752583,5.2727272727272725,58.0,4.059539918809206,1.388333333333333,0.0062264377366462,0.1418985,0.0923427
ngc3031,ngc3031-field07,23.843000000000252,5.0,2.23606797749979,5.076923076923077,66.0,5.704777751366793,1.1771666666666658,0.0062264377366462,0.1418985,0.0923427
ngc3031,ngc3031-field07,24.39300000000034,1.3571428571428572,0.3380077974500385,2.3783783783783785,88.0,4.395232109265644,1.1605882352941175,0.0062264377366462,0.1418985,0.0923427
ngc3031,ngc3031-field07,24.873000000000417,1.263157894736842,0.27428019489166894,1.7727272727272727,117.0,12.19977125428891,0.9411250000000007,0.0062264377366462,0.1418985,0.0923427
ngc3031,ngc3031-field07,25.083000000000446,1.5384615384615385,0.31644359661824706,1.7027027027027026,126.0,5.3069660912798176,1.0256315789473682,0.0062264377366462,0.1418985,0.0923427
ngc3031,ngc3031-field07,25.30300000000048,1.6341463414634145,0.3240212506875345,1.8987341772151898,150.0,5.516250576021281,0.9673636363636354,0.0062264377366462,0.1418985,0.0923427
ngc3031,ngc3031-field07,25.68300000000054,1.4181818181818182,0.24970606311506283,1.4639175257731958,142.0,7.3723012111637205,0.8115000000000001,0.0062264377366462,0.1418985,0.0923427
ngc3031,ngc3031-field07,26.043000000000596,1.1791044776119404,0.1958293441771248,0.7096774193548387,88.0,4.917025199754155,0.8383749999999996,0.0062264377366462,0.1418985,0.0923427
ngc3031,ngc3031-field08,21.57000000000003,4.0,4.47213595499958,9.0,9.0,-1.8066847335140028,0.5865000000000009,0.0070200882604043,0.152638,0.0993316
ngc3031,ngc3031-field08,22.0300000000001,1.25,0.8385254915624212,1.8,9.0,-3.3398274422488172,1.1662500000000007,0.0070200882604043,0.152638,0.0993316
ngc3031,ngc3031-field08,22.56000000000018,0.8,0.5366563145999496,1.3333333333333333,12.0,6.763285024154567,1.1400000000000006,0.0070200882604043,0.152638,0.0993316
ngc3031,ngc3031-field08,22.810000000000223,6.0,6.48074069840786,3.0,21.0,3.297220913801207,1.5310000000000024,0.0070200882604043,0.152638,0.0993316
ngc3031,ngc3031-field08,23.210000000000285,3.75,2.1102428770167667,11.2,56.0,-8.966436447352462,1.0884999999999998,0.0070200882604043,0.152638,0.0993316
ngc3031,ngc3031-field08,23.560000000000336,3.25,1.31398725260179,8.166666666666666,98.0,-10.266005866289067,0.9921428571428572,0.0070200882604043,0.152638,0.0993316
ngc3031,ngc3031-field08,23.89000000000039,3.8823529411764706,1.055936085995796,6.130434782608695,141.0,8.170836399313162,1.0929230769230773,0.0070200882604043,0.152638,0.0993316
ngc3031,ngc3031-field08,24.10000000000042,2.923076923076923,0.6641204600331808,4.828571428571428,169.0,3.2608102099244056,1.247909090909091,0.0070200882604043,0.152638,0.0993316
ngc3031,ngc3031-field08,25.400000000000624,1.5392156862745099,0.19574895424927938,1.9281767955801106,349.0,5.361468910099429,0.8833555555555554,0.0070200882604043,0.152638,0.0993316
ngc3031,ngc3031-field08,25.570000000000654,1.5565217391304347,0.1860173358801964,1.7942583732057416,375.0,3.7696181901894366,0.8333833333333328,0.0070200882604043,0.152638,0.0993316
ngc3031,ngc3031-field08,26.19000000000075,1.0338983050847457,0.10899759004078827,0.589171974522293,185.0,3.8572806171649123,0.7529999999999999,0.0070200882604043,0.152638,0.0993316
ngc3031,ngc3031-field09,23.84200000000063,4.453900709219858,0.23963690143937216,10.181380417335474,6343.0,29.68895292955277,1.657006872852233,0.0163440285383479,0.1578935,0.1027517
ngc3031,ngc3031-field09,23.972000000000648,4.442340791738382,0.20399087295940993,8.952898550724637,7413.0,9.420507682872453,1.6776653144016236,0.0163440285383479,0.1578935,0.1027517
ngc3031,ngc3031-field09,24.142000000000678,3.4951267056530213,0.12374531079473729,6.431240657698057,8605.0,3.4094469126600573,1.7385660377358494,0.0163440285383479,0.1578935,0.1027517
ngc3031,ngc3031-field09,24.422000000000722,2.078774617067834,0.052923620806090456,3.6265232974910395,10118.0,1.990918932371951,1.7895059681697594,0.0163440285383479,0.1578935,0.1027517
ngc3031,ngc3031-field10,23.319000000000678,2.1616161616161618,0.13137002056201988,5.172473867595818,2969.0,-5.200261766257295,1.5093557312252974,0.0176429860442934,0.1512669999999999,0.0984394
ngc3031,ngc3031-field10,23.83900000000076,2.5482758620689654,0.10194649109920075,6.037325038880248,7764.0,-17.809028847491668,1.5615731132075468,0.0176429860442934,0.1512669999999999,0.0984394
ngc3031,ngc3031-field10,24.049000000000788,3.2407574391343554,0.11132154022784921,5.720022948938611,9970.0,6.222629972904145,1.6327953296703306,0.0176429860442934,0.1512669999999999,0.0984394
ngc3031,ngc3031-field10,24.18900000000081,3.1308474576271186,0.09363851612489785,5.094509450945094,11320.0,3.4572058639267227,1.6821128298453156,0.0176429860442934,0.1512669999999999,0.0984394
ngc3031,ngc3031-field10,24.47900000000086,2.0126994464343864,0.044435232734954776,3.316654402747118,13522.0,2.068387021409063,1.7340923309788079,0.0176429860442934,0.1512669999999999,0.0984394
ngc3031,ngc3031-field11,23.863000000000596,3.9642857142857144,0.2420144066622274,9.152719665271967,4375.0,24.424217270925254,1.6242083333333326,0.0160444018230726,0.1514955,0.0985881
ngc3031,ngc3031-field11,24.09300000000063,3.705685618729097,0.17076353971000038,6.851628468033776,5680.0,3.448111953646558,1.7211698924731191,0.0160444018230726,0.1514955,0.0985881
ngc3031,ngc3031-field11,24.273000000000657,2.8077304261645195,0.10293550942348353,5.08819018404908,6635.0,2.1458511429582114,1.7825989304812837,0.0160444018230726,0.1514955,0.0985881
ngc3031,ngc3031-field11,25.143000000000796,1.3763501989766913,0.030491007766770797,1.8419540229885059,10897.0,2.54595045314154,1.3957387500000007,0.0160444018230726,0.1514955,0.0985881
ngc3031,ngc3031-field12,23.44600000000002,13.0,13.490737563232042,64.0,64.0,2.5913449080072564,1.5145,0.0065001545524049,0.148068,0.0963576
ngc3031,ngc3031-field12,23.916000000000096,4.7272727272727275,1.5688554068981528,10.083333333333334,121.0,3.4699609247802052,1.435090909090909,0.0065001545524049,0.148068,0.0963576
ngc3031,ngc3031-field12,24.25600000000015,2.4827586206896552,0.5460468904110094,3.945945945945946,146.0,3.36566674721254,1.2924,0.0065001545524049,0.148068,0.0963576
ngc3031,ngc3031-field12,24.486000000000182,1.4423076923076923,0.26027201641883,2.611940298507463,175.0,4.228660924040716,1.2072592592592595,0.0065001545524049,0.148068,0.0963576
ngc3031,ngc3031-field12,25.256000000000306,1.8918918918918919,0.27190883862104515,2.3698630136986303,346.0,7.297929249056635,0.9952820512820515,0.0065001545524049,0.148068,0.0963576
ngc3031,ngc3031-field12,25.386000000000323,1.7906976744186047,0.24105619907290182,2.541935483870968,394.0,6.94369955583966,0.9898269230769229,0.0065001545524049,0.148068,0.0963576
ngc3031,ngc3031-field12,25.576000000000356,1.644859813084112,0.20163869830015158,2.6263736263736264,478.0,10.139458216756678,0.9200363636363639,0.0065001545524049,0.148068,0.0963576
ngc3031,ngc3031-field12,25.786000000000385,1.6131386861313868,0.1754109899016743,2.5205479452054793,552.0,9.14594409010519,0.9173015873015874,0.0065001545524049,0.148068,0.0963576
ngc3031,ngc3031-field12,26.06600000000043,1.7705882352941176,0.16987142082549056,2.3790613718411553,659.0,8.951116375188368,0.8675056179775279,0.0065001545524049,0.148068,0.0963576
ngc3031,ngc3031-field12,26.256000000000462,1.6116504854368932,0.14294183372399416,2.208092485549133,764.0,10.059512489792297,0.858256880733945,0.0065001545524049,0.148068,0.0963576
ngc3031,ngc3031-field12,27.096000000000593,1.9320652173913044,0.12407200335022653,3.0030075187969927,1997.0,4.302993884423372,0.7430534759358279,0.0065001545524049,0.148068,0.0963576
ngc3031,ngc3031-field12,27.34600000000063,2.3787234042553194,0.13076736236544503,2.489051094890511,2046.0,3.4360958262248613,0.7499125874125873,0.0065001545524049,0.148068,0.0963576
ngc3031,ngc3031-field12,27.646000000000676,1.6906666666666668,0.07788042496412428,1.5507880910683012,1771.0,2.2629455291754583,0.7325173160173156,0.0065001545524049,0.148068,0.0963576
ngc4244,ngc4244-field04,22.47000000000005,3.0,3.4641016151377544,5.0,5.0,24.390243902438804,1.1240000000000023,0.0152078804577924,0.043415,0.028253
ngc4244,ngc4244-field04,22.770000000000095,3.0,3.4641016151377544,3.0,6.0,2.1034917963820012,0.9719999999999978,0.0152078804577924,0.043415,0.028253
ngc4244,ngc4244-field04,23.170000000000158,2.0,1.7320508075688772,2.0,8.0,-2.320185614849183,1.0210000000000008,0.0152078804577924,0.043415,0.028253
ngc4244,ngc4244-field04,23.530000000000214,2.0,1.7320508075688772,2.0,10.0,3.534460994698303,1.2635000000000005,0.0152078804577924,0.043415,0.028253
ngc4244,ngc4244-field04,23.810000000000258,1.6666666666666667,1.2171612389003692,3.3333333333333335,20.0,33.21033210332228,0.8619999999999983,0.0152078804577924,0.043415,0.028253
ngc4244,ngc4244-field04,24.24000000000032,3.5,1.984313483298443,5.0,35.0,-2.2233451237998993,0.4775000000000009,0.0152078804577924,0.043415,0.028253
ngc4244,ngc4244-field04,24.54000000000037,4.8,2.35966099260042,5.2,52.0,4.0567951318458295,0.9805714285714286,0.0152078804577924,0.043415,0.028253
ngc4244,ngc4244-field04,24.85000000000042,1.9285714285714286,0.6351579771810131,2.85,57.0,11.472275334607994,0.7585000000000001,0.0152078804577924,0.043415,0.028253
ngc4244,ngc4244-field04,25.26000000000048,1.6,0.4560701700396552,2.2,77.0,3.0049027360430087,0.8840000000000006,0.0152078804577924,0.043415,0.028253
ngc4244,ngc4244-field04,25.880000000000578,1.6428571428571428,0.39378369400933616,1.1272727272727272,62.0,4.249091166611578,0.7319444444444443,0.0152078804577924,0.043415,0.028253
ngc4244,ngc4244-field04,26.14000000000062,1.1764705882352942,0.27442740565949275,0.625,40.0,27.100271002709505,0.5335000000000001,0.0152078804577924,0.043415,0.028253
ngc4244,ngc4244-field04,26.520000000000678,0.23076923076923078,0.08533849172695833,0.1267605633802817,9.0,-36.640360766629115,0.4693076923076917,0.0152078804577924,0.043415,0.028253
ngc4244,ngc4244-field05,22.050000000000097,1.5,1.369306393762915,1.5,6.0,-1.0266940451745379,0.4450000000000003,0.010748983419686,0.04113,0.0267659999999999
ngc4244,ngc4244-field05,22.630000000000187,1.5,1.369306393762915,2.0,10.0,0.7380073800738005,2.280000000000001,0.010748983419686,0.04113,0.0267659999999999
ngc4244,ngc4244-field05,23.080000000000254,2.0,1.4142135623730951,2.1666666666666665,13.0,-5.444646098003716,1.277000000000001,0.010748983419686,0.04113,0.0267659999999999
ngc4244,ngc4244-field05,23.30000000000029,3.5,2.8062430400804557,2.3333333333333335,14.0,25.641025641027007,1.2969999999999988,0.010748983419686,0.04113,0.0267659999999999
ngc4244,ngc4244-field05,23.73000000000036,1.6,0.9121403400793104,1.375,11.0,-6.920415224913428,0.8624999999999989,0.010748983419686,0.04113,0.0267659999999999
ngc4244,ngc4244-field05,24.440000000000467,0.8333333333333334,0.504608392349582,0.9090909090909091,10.0,-2.2727272727272663,1.2370000000000019,0.010748983419686,0.04113,0.0267659999999999
ngc4244,ngc4244-field05,24.6300000000005,1.5,0.9682458365518543,1.0,10.0,4.301075268817222,0.9959999999999987,0.010748983419686,0.04113,0.0267659999999999
ngc4244,ngc4244-field05,24.990000000000556,1.0,0.6324555320336759,1.4,14.0,-24.000000000001044,0.8920000000000012,0.010748983419686,0.04113,0.0267659999999999
ngc4244,ngc4244-field05,25.56000000000064,3.6666666666666665,2.3882428066894086,2.5555555555555554,23.0,3.4443168771526755,0.7683333333333332,0.010748983419686,0.04113,0.0267659999999999
ngc4244,ngc4244-field06,22.972000000000193,4.0,2.581988897471611,8.5,51.0,-1.7905102954342045,0.8500000000000014,0.0303802854097288,0.0409015,0.0266173
ngc4244,ngc4244-field06,23.492000000000274,2.923076923076923,0.9392081616283832,9.875,158.0,3.134739697564357,1.4487272727272724,0.0303802854097288,0.0409015,0.0266173
ngc4244,ngc4244-field06,24.042000000000357,3.8333333333333335,0.7173984205636088,7.647058823529412,390.0,2.6243528898269064,1.3705263157894736,0.0303802854097288,0.0409015,0.0266173
ngc4244,ngc4244-field06,24.162000000000376,3.510204081632653,0.5684159294961421,6.128571428571429,429.0,4.392884080353865,1.1959333333333335,0.0303802854097288,0.0409015,0.0266173
ngc4244,ngc4244-field06,24.422000000000416,2.4591836734693877,0.29462477023841455,3.909090909090909,516.0,4.592232973283257,1.1433472222222223,0.0303802854097288,0.0409015,0.0266173
ngc4244,ngc4244-field06,24.82200000000048,1.3872549019607843,0.12741262028818426,2.192857142857143,614.0,5.865507449945219,1.0378928571428567,0.0303802854097288,0.0409015,0.0266173
ngc4244,ngc4244-field06,25.762000000000626,1.470404984423676,0.10637756483894704,1.288164665523156,751.0,4.854772935334438,0.8836733333333329,0.0303802854097288,0.0409015,0.0266173
ngc4244,ngc4244-field07,22.072000000000024,2.0,2.449489742783178,5.0,5.0,-1.4880952380952368,0.4759999999999991,0.0084955047623075,0.040673,0.0264686
ngc4244,ngc4244-field07,22.34200000000007,1.5,1.369306393762915,4.0,8.0,2.5188916876574403,0.9029999999999987,0.0084955047623075,0.040673,0.0264686
ngc4244,ngc4244-field07,22.60200000000011,2.0,1.7320508075688772,2.3333333333333335,7.0,-0.6064281382656151,0.6129999999999995,0.0084955047623075,0.040673,0.0264686
ngc4244,ngc4244-field07,23.022000000000176,1.3333333333333333,1.018350154434631,1.4,7.0,-14.492753623188603,1.1479999999999997,0.0084955047623075,0.040673,0.0264686
ngc4244,ngc4244-field07,23.612000000000265,1.6666666666666667,1.2171612389003692,1.0,7.0,0.9496676163342822,2.2620000000000005,0.0084955047623075,0.040673,0.0264686
ngc4244,ngc4244-field07,24.022000000000332,1.3333333333333333,1.018350154434631,1.4285714285714286,10.0,5.305039787798424,1.2169999999999987,0.0084955047623075,0.040673,0.0264686
ngc4244,ngc4244-field07,24.55200000000041,1.75,1.096870548424015,1.2857142857142858,9.0,0.9532888465204962,1.2089999999999996,0.0084955047623075,0.040673,0.0264686
ngc4244,ngc4244-field07,24.752000000000443,3.0,2.449489742783178,1.7142857142857142,12.0,-214.28571428576848,1.072333333333334,0.0084955047623075,0.040673,0.0264686
ngc4244,ngc4244-field07,25.232000000000518,1.0,0.5773502691896257,1.625,13.0,1.043841336116908,1.2970000000000006,0.0084955047623075,0.040673,0.0264686
ngc4244,ngc4244-field07,25.592000000000574,4.0,3.1622776601683795,1.5555555555555556,14.0,4.338394793926261,0.7364999999999995,0.0084955047623075,0.040673,0.0264686
ngc4244,ngc4244-field07,26.042000000000648,1.0,0.5345224838248488,0.7777777777777778,7.0,5.96421471172958,0.6736666666666681,0.0084955047623075,0.040673,0.0264686
ngc4565,ngc4565-field01,26.350000000000968,4.2417677642980935,0.1388063796504353,6.734575835475578,10479.0,2.8825581678218115,1.3637967332123422,0.0116347507578121,0.0303905,0.0197771
ngc4565,ngc4565-field01,26.500000000000988,2.7843719090009893,0.07218882138568138,4.305500593589236,10880.0,2.607386882841005,1.332236063708762,0.0116347507578121,0.0303905,0.0197771
ngc4565,ngc4565-field02,26.353000000000954,4.271929824561403,0.1481573443496322,6.5256410256410255,9671.0,2.6337747295395197,1.4414405997693203,0.0117060837234083,0.030619,0.0199258
ngc4565,ngc4565-field03,25.63300000000048,4.5,2.03100960115899,16.76923076923077,218.0,12.891900835959131,1.2918571428571428,0.0039659611387768,0.030619,0.0199258
ngc4565,ngc4565-field03,26.32300000000059,7.921052631578948,1.3636650250801747,13.547169811320755,718.0,5.953839450339768,1.1943666666666668,0.0039659611387768,0.030619,0.0199258
ngc4736,ngc4736-field02,24.124000000000414,7.870689655172414,0.7758112845051993,16.25,2535.0,1.4430656161147104,2.0562049180327864,0.0130590054343853,0.029248,0.0190336
ngc4736,ngc4736-field02,24.28400000000044,5.587982832618025,0.3974896277441347,10.4,2964.0,1.62559004135511,1.9239651162790696,0.0130590054343853,0.029248,0.0190336
ngc4736,ngc4736-field02,24.514000000000472,2.519047619047619,0.11862070087599741,4.764951321279555,3426.0,1.536038788116884,1.844140115163148,0.0130590054343853,0.029248,0.0190336
ngc4736,ngc4736-field03,24.19300000000036,8.224489795918368,1.2443072181107546,14.942857142857143,1046.0,1.9379876575634534,1.8773703703703706,0.0125870371280453,0.0290195,0.0188849
ngc4736,ngc4736-field03,24.54300000000041,2.830508474576271,0.21434059996492397,5.185185185185185,1400.0,1.651697622320999,1.7962512077294681,0.0125870371280453,0.0290195,0.0188849
ngc4736,ngc4736-field03,25.21300000000052,1.346749226006192,0.06994560805588317,1.7457786116322702,1861.0,2.60974017338093,1.3460693430656936,0.0125870371280453,0.0290195,0.0188849
ngc5236,ngc5236-field01,24.522000000000553,5.7407407407407405,0.3091080157730687,12.328971962616823,6596.0,1.8375481879882223,2.0230957746478877,0.0209087388301374,0.1163065,0.0756883
ngc5236,ngc5236-field01,24.682000000000578,4.366847826086956,0.17844515569234237,8.509476031215161,7633.0,1.7335084937142087,1.9641233671988407,0.0209087388301374,0.1163065,0.0756883
ngc5236,ngc5236-field01,24.91200000000061,2.394208037825059,0.06930267396232355,4.408316633266533,8799.0,1.5715636746663215,1.9223301662707841,0.0209087388301374,0.1163065,0.0756883
ngc5236,ngc5236-field02,24.510000000000467,4.192513368983957,0.34119702556907305,7.9335793357933575,2150.0,5.930272230875673,1.4793115942028987,0.0173157831121285,0.1089945,0.0709299
ngc5236,ngc5236-field02,24.610000000000483,3.796,0.2698563766154137,6.8328611898017,2412.0,5.034977692665384,1.4448443396226416,0.0173157831121285,0.1089945,0.0709299
ngc5236,ngc5236-field02,24.870000000000523,2.44,0.126442910136589,4.294985250737463,2912.0,2.0675795516967512,1.6288141361256532,0.0173157831121285,0.1089945,0.0709299
ngc5236,ngc5236-field02,25.470000000000617,1.2706489675516224,0.04612729090562072,1.75682261208577,3605.0,2.105825479029716,1.3338428571428564,0.0173157831121285,0.1089945,0.0709299
ngc5236,ngc5236-field03,21.537000000000013,6.5,4.937104414532874,12.0,24.0,-1.5992232344289885,1.4511249999999989,0.011919664641068,0.0911715,0.0593313
ngc5236,ngc5236-field03,21.977000000000082,1.0909090909090908,0.4553711508745755,2.230769230769231,29.0,2.7790643816581877,1.8774999999999986,0.011919664641068,0.0911715,0.0593313
ngc5236,ngc5236-field03,22.287000000000134,2.5,1.0458250331675945,2.2222222222222223,40.0,1.664480984565721,2.353333333333334,0.011919664641068,0.0911715,0.0593313
ngc5236,ngc5236-field03,22.667000000000193,1.8181818181818181,0.6825065395723167,2.142857142857143,45.0,3.243944636678198,2.1076,0.011919664641068,0.0911715,0.0593313
ngc5236,ngc5236-field03,23.037000000000248,1.3529411764705883,0.43273351421075384,1.4642857142857142,41.0,-42.81345565749236,1.7645000000000006,0.011919664641068,0.0911715,0.0593313
ngc5236,ngc5236-field03,23.55700000000033,0.9090909090909091,0.2808701730242385,1.025,41.0,2.24935732647815,1.7665,0.011919664641068,0.0911715,0.0593313
ngc5236,ngc5236-field03,23.767000000000365,0.7142857142857143,0.24147264420814757,1.3076923076923077,51.0,1.0082565004537165,2.6721999999999992,0.011919664641068,0.0911715,0.0593313
ngc5236,ngc5236-field03,23.947000000000394,1.4375,0.467968097870998,1.8108108108108107,67.0,2.9430125746900884,1.7633333333333336,0.011919664641068,0.0911715,0.0593313
ngc5236,ngc5236-field03,24.167000000000428,2.5833333333333335,0.8783006529867987,2.4864864864864864,92.0,0.9161044620830909,2.23475,0.011919664641068,0.0911715,0.0593313
ngc5236,ngc5236-field03,24.30700000000045,2.6,0.78993670632526,3.1515151515151514,104.0,1.6631888226652503,1.6874615384615386,0.011919664641068,0.0911715,0.0593313
ngc5236,ngc5236-field03,24.537000000000482,2.227272727272727,0.571601280651184,3.0,120.0,2.9937985601254526,1.3353571428571427,0.011919664641068,0.0911715,0.0593313
ngc5236,ngc5236-field03,24.707000000000512,2.129032258064516,0.46356996945319107,3.13953488372093,135.0,1.5003750937734435,1.629,0.011919664641068,0.0911715,0.0593313
ngc5236,ngc5236-field03,25.057000000000563,1.510204081632653,0.27814694581383204,2.357142857142857,165.0,2.682377736264788,1.2769285714285712,0.011919664641068,0.0911715,0.0593313
ngc5236,ngc5236-field03,25.547000000000644,1.3098591549295775,0.2064314557549413,1.425,171.0,2.9739377572895678,0.9952068965517239,0.011919664641068,0.0911715,0.0593313
ngc5236,ngc5236-field03,25.697000000000664,1.3428571428571427,0.21200143021686,1.2014925373134329,161.0,3.361572181451023,0.9800512820512819,0.011919664641068,0.0911715,0.0593313
ngc5236,ngc5236-field03,26.10700000000073,0.9318181818181818,0.1430234924196786,0.5569620253164557,88.0,3.8403351565227575,0.920212121212121,0.011919664641068,0.0911715,0.0593313
ngc5236,ngc5236-field03,26.267000000000756,0.6941176470588235,0.11761937390519726,0.36875,59.0,5.947759538598046,0.8279487179487183,0.011919664641068,0.0911715,0.0593313
ngc5236,ngc5236-field04,21.698000000000036,6.666666666666667,4.127594582445936,11.0,33.0,-3.550295857988162,1.5570000000000004,0.0110115813737092,0.0870585,0.0566547
ngc5236,ngc5236-field04,21.898000000000067,4.2,2.0899760764181012,7.4,37.0,9.090909090909046,1.8170000000000008,0.0110115813737092,0.0870585,0.0566547
ngc5236,ngc5236-field04,22.308000000000128,0.8333333333333334,0.29133579115837543,1.565217391304348,36.0,3.474232773595841,1.5095,0.0110115813737092,0.0870585,0.0566547
ngc5236,ngc5236-field04,22.7580000000002,1.6923076923076923,0.5920117603919888,1.5151515151515151,50.0,1.9747792478912172,1.9275999999999995,0.0110115813737092,0.0870585,0.0566547
ngc5236,ngc5236-field04,23.84800000000037,3.46875,0.6959924694837761,6.88,344.0,2.540691278090021,1.573192307692308,0.0110115813737092,0.0870585,0.0566547
ngc5236,ngc5236-field04,24.438000000000464,2.5871559633027523,0.2917918691096328,4.416666666666667,689.0,3.2615529707639177,1.3844999999999998,0.0110115813737092,0.0870585,0.0566547
ngc5236,ngc5236-field04,24.59800000000049,2.761904761904762,0.28715935893939415,4.104166666666667,788.0,3.9666883483861293,1.286849462365592,0.0110115813737092,0.0870585,0.0566547
ngc5236,ngc5236-field04,25.028000000000553,1.3865814696485623,0.10282261846403142,2.244186046511628,965.0,4.749315510048258,1.1481161290322588,0.0110115813737092,0.0870585,0.0566547
ngc5236,ngc5236-field05,24.448000000000448,3.9444444444444446,0.3469717889744855,6.108870967741935,1515.0,2.784037651175588,1.4608061224489794,0.0099115296041474,0.0879725,0.0572495
ngc5236,ngc5236-field08,21.637000000000015,19.0,19.493588689617926,39.0,39.0,-2.4093482712926204,0.8482000000000006,0.0128512459304292,0.09597,0.062454
ngc5236,ngc5236-field08,21.907000000000053,2.5,1.0458250331675945,5.375,43.0,1.2619888944977296,1.7399999999999995,0.0128512459304292,0.09597,0.062454
ngc5236,ngc5236-field08,22.297000000000118,1.4375,0.467968097870998,2.260869565217391,52.0,-12.952968388589273,1.3807142857142871,0.0128512459304292,0.09597,0.062454
ngc5236,ngc5236-field08,22.70700000000018,1.368421052631579,0.4130118661425765,1.8857142857142857,66.0,-12.819208464747256,1.0007142857142857,0.0128512459304292,0.09597,0.062454
ngc5236,ngc5236-field08,23.16700000000025,1.5833333333333333,0.4128295541028291,1.8863636363636365,83.0,1.389578464258468,1.679235294117647,0.0128512459304292,0.09597,0.062454
ngc5236,ngc5236-field08,23.407000000000288,1.6071428571428572,0.3868393455949014,1.8627450980392157,95.0,2.0679977350500995,1.5444166666666668,0.0128512459304292,0.09597,0.062454
ngc5236,ngc5236-field08,24.06700000000039,1.5,0.2988071523335984,2.3066666666666666,173.0,2.3253936213161057,1.2463888888888894,0.0128512459304292,0.09597,0.062454
ngc5236,ngc5236-field08,24.44700000000045,1.9423076923076923,0.33151362844434196,2.350515463917526,228.0,3.0066491129127866,1.0283703703703706,0.0128512459304292,0.09597,0.062454
ngc5236,ngc5236-field08,25.157000000000565,1.2920353982300885,0.1618857585965139,1.8241758241758241,332.0,5.958073360612649,0.6936785714285713,0.0128512459304292,0.09597,0.062454
ngc5236,ngc5236-field08,25.3770000000006,1.3884297520661157,0.16554859785564782,1.6886792452830188,358.0,6.33159232928691,0.6800357142857144,0.0128512459304292,0.09597,0.062454
ngc5236,ngc5236-field08,25.707000000000647,1.3287671232876712,0.14558312579138713,1.5916030534351144,417.0,3.92109549375641,0.5917846153846155,0.0128512459304292,0.09597,0.062454
ngc5236,ngc5236-field08,26.067000000000704,1.2616279069767442,0.12879885351394768,0.9936507936507937,313.0,24.534302589732032,0.4582592592592591,0.0128512459304292,0.09597,0.062454
ngc5236,ngc5236-field08,26.417000000000762,0.9414893617021277,0.09860439925612723,0.49859154929577465,177.0,15.71743929359825,0.4811235955056179,0.0128512459304292,0.09597,0.062454
ngc5236,ngc5236-field09,21.873000000000054,1.2857142857142858,0.6479390965872468,3.5714285714285716,25.0,7.427055702917727,1.5315000000000012,0.0075685510712102,0.0961985,0.0626027
ngc5236,ngc5236-field09,22.073000000000086,1.8571428571428572,0.8706420003143487,3.0,27.0,-1.3236267372600934,1.1449999999999996,0.0075685510712102,0.0961985,0.0626027
ngc5236,ngc5236-field09,22.20300000000011,2.8,1.4587666023048376,2.9,29.0,-1.6095654173373202,1.453,0.0075685510712102,0.0961985,0.0626027
ngc5236,ngc5236-field09,22.683000000000185,1.2307692307692308,0.459561842341955,2.388888888888889,43.0,12.841091492776936,1.6689999999999992,0.0075685510712102,0.0961985,0.0626027
ngc5236,ngc5236-field09,23.073000000000242,1.6428571428571428,0.5568942407093801,1.6296296296296295,44.0,-10.666666666666565,1.9004999999999992,0.0075685510712102,0.0961985,0.0626027
ngc5236,ngc5236-field09,23.233000000000267,1.9285714285714286,0.6351579771810131,1.6428571428571428,46.0,2.546959567016878,2.03,0.0075685510712102,0.0961985,0.0626027
ngc5236,ngc5236-field09,23.413000000000295,1.8,0.5796550698475775,1.4827586206896552,43.0,2.5035306201052774,1.6907692307692304,0.0075685510712102,0.0961985,0.0626027
ngc5236,ngc5236-field09,23.77300000000035,0.8,0.24,1.0,39.0,8.284172210367709,1.610166666666667,0.0075685510712102,0.0961985,0.0626027
ngc5236,ngc5236-field09,24.15300000000041,1.2666666666666666,0.4375013227493231,0.8837209302325582,38.0,3.9210194650609096,1.5352857142857148,0.0075685510712102,0.0961985,0.0626027
ngc5236,ngc5236-field09,24.47300000000046,1.6428571428571428,0.5568942407093801,1.205128205128205,47.0,-7.773459189339167,1.2818571428571421,0.0075685510712102,0.0961985,0.0626027
ngc5236,ngc5236-field09,24.64300000000049,1.1111111111111112,0.36099238314107274,1.303030303030303,43.0,3.093846682708832,1.5258888888888893,0.0075685510712102,0.0961985,0.0626027
ngc5236,ngc5236-field09,24.7330000000005,1.2777777777777777,0.4021120509371937,1.135135135135135,42.0,3.6636746656896952,1.54375,0.0075685510712102,0.0961985,0.0626027
ngc5236,ngc5236-field09,24.943000000000538,1.0,0.30151134457776363,1.162162162162162,43.0,5.011674924540119,1.2646249999999997,0.0075685510712102,0.0961985,0.0626027
ngc5236,ngc5236-field09,25.133000000000564,1.0952380952380953,0.3305683835672004,1.1538461538461537,45.0,1.7023179035697091,1.4058888888888892,0.0075685510712102,0.0961985,0.0626027
ngc5236,ngc5236-field09,25.333000000000595,0.85,0.280401497856199,1.0952380952380953,46.0,2.5779235997187735,1.2359999999999998,0.0075685510712102,0.0961985,0.0626027
ngc5236,ngc5236-field09,25.593000000000636,0.8695652173913043,0.2658627371152993,1.0,44.0,1.4886916690523924,1.2945,0.0075685510712102,0.0961985,0.0626027
ngc5236,ngc5236-field09,25.833000000000673,1.7058823529411764,0.5210801538781952,1.4054054054054055,52.0,3.3973161202649944,1.0945999999999998,0.0075685510712102,0.0961985,0.0626027
ngc5236,ngc5236-field09,26.0130000000007,1.588235294117647,0.4917392089547548,1.1025641025641026,43.0,9.626955475330933,0.9041250000000001,0.0075685510712102,0.0961985,0.0626027
ngc5236,ngc5236-field09,26.24300000000074,1.0833333333333333,0.30665836341416136,0.6976744186046512,30.0,-21.58273381294974,0.753916666666667,0.0075685510712102,0.0961985,0.0626027
ngc5236,ngc5236-field09,26.403000000000766,0.88,0.2572469630530164,0.5116279069767442,22.0,6.187845303867426,0.9618571428571424,0.0075685510712102,0.0961985,0.0626027
ngc5236,ngc5236-field09,26.6230000000008,0.6086956521739131,0.2063351061985605,0.32558139534883723,14.0,-5.9376546264225905,0.6318333333333342,0.0075685510712102,0.0961985,0.0626027
ngc5236,ngc5236-field10,21.42500000000002,11.0,11.489125293076057,29.0,29.0,-2.7845457709711194,1.1140000000000008,0.0098167906918975,0.0914,0.05948
ngc5236,ngc5236-field10,21.56500000000004,8.0,6.0,17.5,35.0,-2.6126714565643483,1.481250000000002,0.0098167906918975,0.0914,0.05948
ngc5236,ngc5236-field10,21.85500000000009,2.25,0.9560661587986472,4.333333333333333,39.0,2.8157116711248777,1.62975,0.0098167906918975,0.0914,0.05948
ngc5236,ngc5236-field10,22.125000000000128,1.7142857142857142,0.5765080364010422,2.0555555555555554,37.0,-1.143292682926831,1.4963333333333342,0.0098167906918975,0.0914,0.05948
ngc5236,ngc5236-field10,22.365000000000165,1.2222222222222223,0.3884477215445006,1.5384615384615385,40.0,29.952931108259587,1.3562857142857132,0.0098167906918975,0.0914,0.05948
ngc5236,ngc5236-field10,22.575000000000202,0.9473684210526315,0.31160664696818846,1.0285714285714285,36.0,2.418704649287819,1.9913333333333338,0.0098167906918975,0.0914,0.05948
ngc5236,ngc5236-field10,22.855000000000246,0.8571428571428571,0.2753211747598376,1.0512820512820513,41.0,-2.319500674763832,1.2746000000000002,0.0098167906918975,0.0914,0.05948
ngc5236,ngc5236-field10,23.145000000000287,1.8333333333333333,0.6579288490181673,1.2432432432432432,46.0,1.177856301531213,2.371,0.0098167906918975,0.0914,0.05948
ngc5236,ngc5236-field10,23.265000000000306,2.1818181818181817,0.7944208159139118,1.5757575757575757,52.0,2.7212666259204297,1.4751818181818181,0.0098167906918975,0.0914,0.05948
ngc5236,ngc5236-field10,23.565000000000353,1.3888888888888888,0.42933418960628256,2.0,72.0,2.166865869282959,1.5778888888888882,0.0098167906918975,0.0914,0.05948
ngc5236,ngc5236-field10,24.06500000000043,1.88,0.4653772663119676,3.255813953488372,140.0,1.2066695919262838,1.8579999999999992,0.0098167906918975,0.0914,0.05948
ngc5236,ngc5236-field10,24.15500000000045,2.4347826086956523,0.6029979075709049,3.347826086956522,154.0,1.9671453510044266,1.4436923076923074,0.0098167906918975,0.0914,0.05948
ngc5236,ngc5236-field10,24.35500000000048,2.8846153846153846,0.6564948093348946,3.9183673469387754,192.0,3.5523723231364404,1.256578947368421,0.0098167906918975,0.0914,0.05948
ngc5236,ngc5236-field10,24.44500000000049,2.3529411764705883,0.4817026589700998,3.2033898305084745,189.0,3.7180249851278973,1.1859600000000001,0.0098167906918975,0.0914,0.05948
ngc5236,ngc5236-field10,24.695000000000533,1.9454545454545455,0.322779066964733,2.7777777777777777,225.0,6.028359499908268,1.1146,0.0098167906918975,0.0914,0.05948
ngc5236,ngc5236-field10,24.905000000000562,1.5526315789473684,0.22836076026219101,2.3714285714285714,249.0,3.2208906002874786,1.1190999999999995,0.0098167906918975,0.0914,0.05948
ngc5236,ngc5236-field10,25.475000000000655,1.3738317757009346,0.1745821586742203,1.7010309278350515,330.0,6.081697725233006,0.9783181818181813,0.0098167906918975,0.0914,0.05948
ngc5236,ngc5236-field10,25.7550000000007,1.4482758620689655,0.174834375681686,1.5515695067264574,346.0,4.204547681530454,0.8937627118644068,0.0098167906918975,0.0914,0.05948
ngc5236,ngc5236-field10,25.995000000000736,1.2244897959183674,0.13612381959100586,1.0778210116731517,277.0,7.032019127092019,0.7903066666666666,0.0098167906918975,0.0914,0.05948
ngc5236,ngc5236-field10,26.285000000000778,1.0118343195266273,0.10975073990392419,0.624561403508772,178.0,5.501791609062438,0.8298589743589742,0.0098167906918975,0.0914,0.05948
ngc5236,ngc5236-field11,21.629000000000012,16.0,16.492422502470642,31.0,31.0,1.5782353825341882,1.5893333333333348,0.013979781642607,0.0957415,0.0623053
ngc5236,ngc5236-field11,21.98900000000007,1.7,0.6774953874381728,4.1,41.0,7.386736703873943,1.4831111111111115,0.013979781642607,0.0957415,0.0623053
ngc5236,ngc5236-field11,22.23900000000011,1.8181818181818181,0.6825065395723167,2.823529411764706,48.0,-5.990586221651679,1.5074999999999996,0.013979781642607,0.0957415,0.0623053
ngc5236,ngc5236-field11,22.519000000000155,1.4444444444444444,0.44289854604079254,1.8928571428571428,53.0,-20.168067226890585,1.1237499999999994,0.013979781642607,0.0957415,0.0623053
ngc5236,ngc5236-field11,22.909000000000212,1.6470588235294117,0.5064212145737218,2.057142857142857,72.0,12.499999999999885,1.5330000000000001,0.013979781642607,0.0957415,0.0623053
ngc5236,ngc5236-field11,23.31900000000028,1.5185185185185186,0.37635764165180824,2.1333333333333333,96.0,5.395279130760568,1.4771250000000005,0.013979781642607,0.0957415,0.0623053
ngc5236,ngc5236-field11,23.619000000000327,1.96,0.4817302149543871,2.4464285714285716,137.0,-14.624381689744709,1.0002941176470586,0.013979781642607,0.0957415,0.0623053
ngc5236,ngc5236-field11,23.84900000000036,1.45,0.298014261403712,2.869565217391304,198.0,2.0777914908544504,1.5085789473684208,0.013979781642607,0.0957415,0.0623053
ngc5236,ngc5236-field11,24.0790000000004,2.0714285714285716,0.3892069133250084,3.859154929577465,274.0,18.460043721156293,1.1747499999999997,0.013979781642607,0.0957415,0.0623053
ngc5236,ngc5236-field11,24.449000000000453,2.6557377049180326,0.3989469840747225,4.121495327102804,441.0,4.714119203010863,1.167589743589744,0.013979781642607,0.0957415,0.0623053
ngc5236,ngc5236-field11,24.699000000000495,2.1616161616161618,0.26274004112403976,3.847682119205298,581.0,4.532339086753215,1.0294285714285718,0.013979781642607,0.0957415,0.0623053
ngc5236,ngc5236-field11,24.94900000000053,1.7222222222222223,0.17011745406815643,3.085201793721973,688.0,2.5705784433025403,1.1802409638554217,0.013979781642607,0.0957415,0.0623053
ngc5236,ngc5236-field11,25.139000000000564,1.8704663212435233,0.16679096439521235,2.7386759581881535,786.0,3.7448485934420384,1.014,0.013979781642607,0.0957415,0.0623053
ngc5236,ngc5236-field11,25.26900000000058,1.746606334841629,0.1473328491316867,2.5205882352941176,857.0,4.253239219932045,0.9435354330708664,0.013979781642607,0.0957415,0.0623053
ngc5236,ngc5236-field11,25.459000000000614,1.4661921708185053,0.11343726459384393,1.982182628062361,890.0,3.401658763107161,0.9609496855345908,0.013979781642607,0.0957415,0.0623053
ngc5236,ngc5236-field11,25.809000000000665,1.2256410256410257,0.08363285070082933,1.1760904684975768,728.0,3.422227148734369,0.7788544303797471,0.013979781642607,0.0957415,0.0623053
ngc5236,ngc5236-field11,25.959000000000692,1.1601941747572815,0.07799434722325445,0.86002886002886,596.0,3.239075333815293,0.7953771428571427,0.013979781642607,0.0957415,0.0623053
ngc5236,ngc5236-field11,26.109000000000712,1.016355140186916,0.06919653898432737,0.5860284605433377,453.0,3.4001986254642564,0.7807475247524753,0.013979781642607,0.0957415,0.0623053
ngc5236,ngc5236-field12,21.596000000000046,14.0,14.491376746189438,34.0,34.0,-2.2983222247759065,0.8084999999999987,0.0123556295006738,0.0911715,0.0593313
ngc5236,ngc5236-field12,21.87600000000009,2.8333333333333335,1.3454312264791484,7.0,49.0,-4.744757466638387,1.1654285714285701,0.0123556295006738,0.0911715,0.0593313
ngc5236,ngc5236-field12,22.13600000000013,1.6428571428571428,0.5568942407093801,4.2,63.0,-2.372881355932198,0.6689999999999987,0.0123556295006738,0.0911715,0.0593313
ngc5236,ngc5236-field12,22.31600000000016,2.3846153846153846,0.7879382012647245,4.222222222222222,76.0,10.60354522572702,1.4854444444444441,0.0123556295006738,0.0911715,0.0593313
ngc5236,ngc5236-field12,22.5760000000002,2.3333333333333335,0.6573421981221795,3.0625,98.0,88.0361173814906,0.9956666666666667,0.0123556295006738,0.0911715,0.0593313
ngc5236,ngc5236-field12,22.83600000000024,1.4838709677419355,0.3448114967326502,2.5,115.0,2.3159752868490697,1.3911250000000006,0.0123556295006738,0.0911715,0.0593313
ngc5236,ngc5236-field12,23.746000000000386,1.6,0.26331223544175336,2.1372549019607843,218.0,3.2835630059155796,0.9486176470588236,0.0123556295006738,0.0911715,0.0593313
ngc5236,ngc5236-field12,24.276000000000465,1.303030303030303,0.17410429573792674,2.1012658227848102,332.0,7.783110649889743,0.6937749999999999,0.0123556295006738,0.0911715,0.0593313
ngc5236,ngc5236-field12,24.61600000000052,2.0531914893617023,0.2582425624837647,2.4486486486486485,453.0,-414.47896059447504,0.6274035087719297,0.0123556295006738,0.0911715,0.0593313
ngc5236,ngc5236-field12,25.266000000000624,1.458128078817734,0.13287769058589385,2.1540785498489425,713.0,6.553246657942052,0.5622978723404255,0.0123556295006738,0.0911715,0.0593313
ngc5236,ngc5236-field12,25.526000000000664,1.5569620253164558,0.12960655772064153,1.977667493796526,797.0,3.9228001246682593,0.6311452991452993,0.0123556295006738,0.0911715,0.0593313
ngc5236,ngc5236-field12,25.796000000000703,1.4233333333333333,0.10722579153529421,1.4656188605108056,746.0,6.766402992657396,0.5404765100671143,0.0123556295006738,0.0911715,0.0593313
ngc5236,ngc5236-field12,25.996000000000734,1.2275280898876404,0.08763998916261746,1.0068027210884354,592.0,10.449206400138898,0.5032947976878611,0.0123556295006738,0.0911715,0.0593313
ngc7793,ngc7793-field01,19.844000000000058,2.0,1.7320508075688772,4.0,8.0,-7.07547169811322,1.2530000000000001,0.0329258004391594,0.036103,0.0234946
ngc7793,ngc7793-field01,20.154000000000103,5.0,5.47722557505166,3.0,9.0,18.018018018019067,1.2954999999999988,0.0329258004391594,0.036103,0.0234946
ngc7793,ngc7793-field01,20.474000000000153,1.6666666666666667,1.2171612389003692,1.5,9.0,1.9762845849802362,1.3079999999999998,0.0329258004391594,0.036103,0.0234946
ngc7793,ngc7793-field01,20.734000000000194,1.3333333333333333,1.018350154434631,2.3333333333333335,14.0,5.098789037603641,1.2679999999999971,0.0329258004391594,0.036103,0.0234946
ngc7793,ngc7793-field01,21.224000000000274,2.25,1.352081728298996,3.625,29.0,-20.49180327868901,0.7405000000000008,0.0329258004391594,0.036103,0.0234946
ngc7793,ngc7793-field01,21.594000000000328,3.6,1.8198901065723723,5.888888888888889,53.0,7.015902712815718,0.8563333333333331,0.0329258004391594,0.036103,0.0234946
ngc7793,ngc7793-field01,21.99400000000039,2.2142857142857144,0.7130090631950274,5.111111111111111,92.0,-3.864112059249707,0.8101249999999993,0.0329258004391594,0.036103,0.0234946
ngc7793,ngc7793-field01,22.444000000000464,2.1481481481481484,0.5004697280422503,5.4,216.0,-1.5127067365873343,0.8132000000000007,0.0329258004391594,0.036103,0.0234946
ngc7793,ngc7793-field01,22.74400000000051,2.75,0.5077524002897476,5.7,342.0,-6.10837669889227,0.948375,0.0329258004391594,0.036103,0.0234946
ngc7793,ngc7793-field01,22.964000000000546,2.830508474576271,0.42868119992984793,5.670454545454546,499.0,-15.239346490702342,1.0178048780487803,0.0329258004391594,0.036103,0.0234946
ngc7793,ngc7793-field01,23.144000000000574,2.4285714285714284,0.31484180858247984,6.025,723.0,4.170909733952046,1.315916666666667,0.0329258004391594,0.036103,0.0234946
ngc7793,ngc7793-field01,23.344000000000605,2.1023622047244093,0.22661996083800995,5.851428571428571,1024.0,1.7086010172017396,1.5685769230769238,0.0329258004391594,0.036103,0.0234946
ngc7793,ngc7793-field01,23.644000000000652,2.5441176470588234,0.21023623791119755,5.013888888888889,1444.0,5.797910666997216,1.1135363636363638,0.0329258004391594,0.036103,0.0234946
ngc7793,ngc7793-field01,23.82400000000068,2.9288537549407114,0.21326594647058894,4.41005291005291,1667.0,7.82677932056577,1.0088562499999996,0.0329258004391594,0.036103,0.0234946
ngc7793,ngc7793-field01,24.104000000000724,1.963519313304721,0.11174510586421128,2.901049475262369,1935.0,3.9771105825991895,1.095507936507936,0.0329258004391594,0.036103,0.0234946
ngc7793,ngc7793-field01,24.714000000000816,1.216426193118757,0.05470249347994645,1.758460517584605,2650.0,5.222470245347912,0.927367875647669,0.0329258004391594,0.036103,0.0234946
ngc7793,ngc7793-field01,24.914000000000847,1.3046218487394958,0.05619836581541746,1.6791383219954648,2962.0,9.936891221258659,0.8546152019002373,0.0329258004391594,0.036103,0.0234946
ngc7793,ngc7793-field01,25.124000000000883,1.4505386875612145,0.05900415141417409,1.7178958225889633,3331.0,8.91260704462723,0.8391864406779651,0.0329258004391594,0.036103,0.0234946
ngc7793,ngc7793-field01,25.31400000000091,1.471264367816092,0.0566987728868984,1.7694174757281553,3645.0,7.519452025907897,0.7824046762589929,0.0329258004391594,0.036103,0.0234946
ngc7793,ngc7793-field01,25.92400000000101,1.1695804195804196,0.0384542441257885,0.8345082242363209,2486.0,4.409292677597058,0.745740310077519,0.0329258004391594,0.036103,0.0234946
ngc7793,ngc7793-field01,26.21400000000105,0.7111932418162619,0.02534856340808986,0.390661252900232,1347.0,6.121550390719394,0.6823038740920092,0.0329258004391594,0.036103,0.0234946
ngc7793,ngc7793-field02,23.01000000000021,2.5,2.091650066335189,7.0,21.0,-3.8966365873667073,0.839000000000001,0.0203201367098782,0.0303905,0.0197771
ngc7793,ngc7793-field02,23.71000000000032,11.0,6.6332495807108,11.142857142857142,78.0,-8.963250672243726,0.9723333333333327,0.0203201367098782,0.0303905,0.0197771
ngc7793,ngc7793-field02,23.880000000000344,6.142857142857143,2.5036416625276114,8.545454545454545,94.0,7.593563550894984,1.0833333333333328,0.0203201367098782,0.0303905,0.0197771
ngc7793,ngc7793-field02,24.79000000000049,1.6585365853658536,0.327938133307402,1.8641975308641976,151.0,7.076616164339229,0.9901200000000001,0.0203201367098782,0.0303905,0.0197771
ngc7793,ngc7793-field02,25.100000000000534,1.5471698113207548,0.27268421975857104,1.9263157894736842,183.0,11.760588029401445,0.9010714285714287,0.0203201367098782,0.0303905,0.0197771
ngc7793,ngc7793-field02,25.540000000000603,1.2857142857142858,0.1953609882165222,1.4962406015037595,199.0,3.7328259901019902,0.8961935483870965,0.0203201367098782,0.0303905,0.0197771
ngc7793,ngc7793-field02,25.75000000000064,1.4935064935064934,0.2199193517955822,1.2112676056338028,172.0,2.873824000968022,0.8668684210526316,0.0203201367098782,0.0303905,0.0197771
ngc7793,ngc7793-field03,23.79000000000032,7.0588235294117645,1.8292687891258455,12.695652173913043,292.0,3.743592697114565,1.2309230769230763,0.0200144610147994,0.0367885,0.0239407
ngc7793,ngc7793-field03,24.11000000000037,2.380281690140845,0.3366366916676046,4.469135802469136,362.0,4.595577688785888,1.1675555555555552,0.0200144610147994,0.0367885,0.0239407
ngc7793,ngc7793-field03,25.18000000000054,1.471794871794872,0.13658800143340585,1.814207650273224,664.0,6.269503664293229,0.9430227272727275,0.0200144610147994,0.0367885,0.0239407
ngc7793,ngc7793-field03,25.870000000000644,1.2870967741935484,0.09744667491857818,1.1724770642201834,639.0,4.971619232456427,0.8413181818181817,0.0200144610147994,0.0367885,0.0239407
ngc7793,ngc7793-field03,26.380000000000727,0.5934343434343434,0.048865892119458326,0.33098591549295775,235.0,14.380265429064526,0.7097162162162163,0.0200144610147994,0.0367885,0.0239407
ngc7793,ngc7793-field04,22.21600000000003,1.0,0.816496580927726,1.6666666666666667,5.0,-1.2515644555694627,0.7680000000000007,0.0128763913676763,0.0317615,0.0206693
ngc7793,ngc7793-field04,22.836000000000126,1.5,1.369306393762915,1.0,6.0,-74.07407407406151,1.3039999999999985,0.0128763913676763,0.0317615,0.0206693
ngc7793,ngc7793-field04,23.14600000000018,3.0,3.4641016151377544,2.5,10.0,2.076843198338523,1.5670000000000002,0.0128763913676763,0.0317615,0.0206693
ngc7793,ngc7793-field04,23.586000000000247,2.3333333333333335,1.6101529717988268,6.0,24.0,3.0778701138812052,1.5379999999999985,0.0128763913676763,0.0317615,0.0206693
ngc7793,ngc7793-field04,23.846000000000288,4.0,2.581988897471611,4.666666666666667,28.0,7.081436519979744,1.3175000000000008,0.0128763913676763,0.0317615,0.0206693
ngc7793,ngc7793-field04,24.166000000000338,3.0,1.414213562373095,4.3,43.0,9.203539823008844,1.0854999999999997,0.0128763913676763,0.0317615,0.0206693
ngc7793,ngc7793-field04,24.236000000000345,3.3333333333333335,1.551582227085438,4.7,47.0,7.816257816257734,1.1094000000000008,0.0128763913676763,0.0317615,0.0206693
ngc7793,ngc7793-field04,24.466000000000385,1.9090909090909092,0.7105515788497414,3.5625,57.0,4.498232837099732,1.1651428571428564,0.0128763913676763,0.0317615,0.0206693
ngc7793,ngc7793-field04,24.906000000000454,1.9444444444444444,0.56397934566078,2.2,66.0,3.8743113034290095,1.1059285714285718,0.0128763913676763,0.0317615,0.0206693
ngc7793,ngc7793-field04,25.176000000000492,1.28,0.341666504065002,1.813953488372093,78.0,4.315216274529947,0.9813571428571424,0.0128763913676763,0.0317615,0.0206693
ngc7793,ngc7793-field04,25.686000000000575,1.4375,0.33090341538355267,1.1964285714285714,67.0,9.724473257698667,0.8755833333333332,0.0128763913676763,0.0317615,0.0206693
ngc7793,ngc7793-field04,25.866000000000604,1.5483870967741935,0.35677270699853825,0.8153846153846154,53.0,8.237716975581147,0.8941428571428569,0.0128763913676763,0.0317615,0.0206693
ngc7814,ngc7814-field03,26.833000000000624,4.993589743589744,0.43801364185870195,7.241206030150754,1441.0,1.7064267267068391,1.3065161290322587,0.0061049998826647,0.084088,0.0547216
ngc7814,ngc7814-field04,26.62900000000063,4.8076923076923075,0.5181475661610467,9.134328358208956,1224.0,1.847973321566018,1.373743243243243,0.0054275563531105,0.0888865,0.0578443
ngc7814,ngc7814-field04,26.929000000000677,3.08300395256917,0.2230574229416115,3.7111801242236027,1195.0,1.509106658685868,1.2602967479674805,0.0054275563531105,0.0888865,0.0578443
ngc7814,ngc7814-field05,26.746000000000947,4.694711538461538,0.2535091599004394,6.585009140767824,3602.0,1.5731460023840846,1.4112988505747126,0.0090236115743466,0.087287,0.0568034
ngc7814,ngc7814-field05,26.846000000000963,3.6514382402707275,0.16952426448258753,4.646981627296588,3541.0,1.5333172293550448,1.3678730703259003,0.0090236115743466,0.087287,0.0568034
